family,size,seed,label,status,N,E,mean_degree,s,t,terminal_fallback,L,k,wsum,B,Etilde,margin_c1,alphabar,min_edge_weight,max_edge_weight,path_status,scatter_status,n_path_edge,n_path_micro,path_min_weight,scatter_N0,scatter_N1,scatter_N2,scatter_edge_noaux,scatter_edge_aux,scatter_micro_noaux,scatter_micro_aux,ln_ratio_edge,ln_ratio_micro,c_req_edge,c_req_micro,ln_ratio_edge_noaux,ln_ratio_micro_noaux,c_req_edge_noaux,c_req_micro_noaux,frontier,dp_states,dig,max_coeff_bits,coeff_bound_bits,legacy_dig96_exact,n_matching_calls,path_wall_s,scatter_wall_s,peak_rss_mib_after_path,peak_rss_mib_final,censor_note
sparse_u12,30,1,sparseU12_N30_seed1,ok,30,72,4.8,0,1,1,3,5,3.8839935064315796,3.9284512996673584,0.988683124762284,2.022633750475432,0.505658437618858,1.0020568370819092,1.9642256498336792,ok,ok,4,64,3.8839935064315796,3158323,662064,26410,3158323,3846797,3234122752,3579860480,13.776457050831286,17.839706581172877,6.81114761760158,8.820038020714106,13.579257387371602,17.738140470731274,6.713651141329822,8.769823239902834,9,382,25,22,24,1,4,9.37003642320633e-05,0.020869526080787182,35.33203125,35.33203125,
sparse_u12,30,2,sparseU12_N30_seed2,ok,30,70,4.666666666666667,0,29,0,3,5,4.444951772689819,3.943657398223877,1.1271140780869333,1.7457718438261334,0.43644296095653334,1.0059192180633545,1.9718286991119385,ok,ok,1,16,4.444951772689819,2833075,656085,28008,2833075,3517168,2901068800,3244154368,15.073166678299343,19.127531835524305,8.634098855245671,10.956490049469073,14.85687325216502,19.015756335524692,8.51020326894713,10.892463641668474,9,382,25,22,24,1,4,5.523301661014557e-05,0.013741586357355118,35.3828125,35.3828125,
sparse_u12,30,3,sparseU12_N30_seed3,ok,30,69,4.6,0,2,1,3,5,4.149226903915405,3.9606690406799316,1.047607578744601,1.9047848425107978,0.47619621062769946,1.0022754669189453,1.9803345203399658,ok,ok,2,32,4.149226903915405,2831035,547553,21135,2831035,3399723,2898979840,3184737536,14.346057335119301,18.415899813495795,7.531589403141723,9.668230974171772,14.16300574658024,18.321888829939912,7.435488476436651,9.618875802155618,8,219,25,22,24,1,4,8.753594011068344e-05,0.018294816836714745,35.4296875,35.4296875,
sparse_u12,30,4,sparseU12_N30_seed4,ok,30,67,4.466666666666667,0,29,0,4,6,6.059922099113464,3.992924928665161,1.5176649216741729,1.9646701566516542,0.3929340313303309,1.0033785104751587,1.9964624643325806,ok,ok,3,96,6.059922099113464,12967347,3875819,227902,12967347,17071068,53114253312,61285302272,15.554283370050447,20.27445769249418,7.916994777667557,10.319522401178787,15.279332697742388,20.131362961662006,7.777047279927452,10.246688429355217,9,466,28,24,27,1,4,9.70279797911644e-05,0.020866530016064644,35.1953125,35.4140625,
sparse_u12,30,5,sparseU12_N30_seed5,ok,30,73,4.866666666666666,0,29,0,3,5,3.984819173812866,3.978062629699707,1.0016984509149542,1.9966030981700915,0.4991507745425229,1.0062717199325562,1.9890313148498535,ok,ok,4,64,3.984819173812866,3778857,665144,23645,3778857,4467646,3869549568,4216156416,13.926077844831896,18.00330666470685,6.974885422944249,9.016968210260256,13.75863777979716,17.91752086315683,6.89102295414001,8.97400233405349,10,637,25,22,24,1,4,9.520165622234344e-05,0.023237315006554127,35.40234375,35.62109375,
sparse_u12,30,6,sparseU12_N30_seed6,ok,30,73,4.866666666666666,0,29,0,3,5,4.366651773452759,3.9855246543884277,1.0956278412792342,1.8087443174415316,0.4521860793603829,1.0136350393295288,1.9927623271942139,ok,ok,6,96,4.366651773452759,3621426,710625,27042,3621426,4359093,3708340224,4079102976,13.496015096933501,17.56479475089862,7.461538353869502,9.711043502126392,13.310618959658674,17.469502043018345,7.3590384397096775,9.658359047523616,11,1024,25,22,24,1,4,5.807727575302124e-05,0.019659328274428844,35.37890625,35.59765625,
sparse_u12,30,7,sparseU12_N30_seed7,ok,30,69,4.6,0,2,1,3,5,4.4498714208602905,3.998117446899414,1.1129916716956918,1.7740166566086164,0.4435041641521541,1.0343897342681885,1.999058723449707,ok,ok,1,16,4.4498714208602905,2908370,603629,24054,2908370,3536053,2978170880,3293386752,15.078521691315125,19.142593557909663,8.499650572695693,10.790537668628499,14.883103344755039,19.04198642811471,8.389494703621912,10.73382617754967,9,382,25,22,24,1,4,7.0253387093544e-05,0.015355262905359268,35.25390625,35.47265625,
sparse_u12,30,8,sparseU12_N30_seed8,ok,30,70,4.666666666666667,0,29,0,3,5,4.058359384536743,3.946812391281128,1.0282625527126734,1.9434748945746532,0.4858687236436633,1.0387070178985596,1.973406195640564,ok,ok,4,64,4.058359384536743,2778770,535107,20405,2778770,3334282,2845460480,3124658944,13.633473560679422,17.70370789289913,7.014998546540643,9.109306192902348,13.451224580595632,17.610107663955304,6.921223741117352,9.061144917855723,8,219,25,22,24,1,4,6.532669067382812e-05,0.01142836268991232,35.5703125,35.5703125,
sparse_u12,30,9,sparseU12_N30_seed9,ok,30,69,4.6,0,29,0,3,5,3.6968345642089844,3.9353749752044678,0.9393855954010863,2.1212288091978273,0.5303072022994568,1.0236058235168457,1.9676874876022339,ok,ok,3,48,3.6968345642089844,2916718,579362,22668,2916718,3518748,2986719232,3289155584,13.975003513818208,18.04269569647445,6.588164111868278,8.505775340330942,13.7873572808427,17.94624036420237,6.4997030122632475,8.460303898563868,10,638,25,22,24,1,4,5.9421174228191376e-05,0.014997786842286587,35.61328125,35.83203125,
sparse_u12,30,10,sparseU12_N30_seed10,ok,30,72,4.8,0,1,1,3,5,4.321757555007935,3.975497007369995,1.087098681497187,1.825802637005626,0.4564506592514065,1.0115432739257812,1.9877485036849976,ok,ok,1,16,4.321757555007935,3190416,756644,32216,3190416,3979276,3266985984,3662635008,15.196610451165332,19.24885995062298,8.323249262082486,10.542683836951687,14.975661873782217,19.134544957141888,8.20223477075418,10.480073020665117,10,545,25,22,24,1,4,5.105510354042053e-05,0.016192177310585976,35.4765625,35.4765625,
sparse_u12,30,11,sparseU12_N30_seed11,ok,30,79,5.266666666666667,0,29,0,3,5,5.151525974273682,3.9726548194885254,1.2967464349034319,1.4065071301931362,0.35162678254828406,1.00525963306427,1.9863274097442627,ok,ok,1,16,5.151525974273682,5485910,1107866,41002,5485910,6634778,5617571840,6195295744,15.707835766258766,19.77446736779273,11.167974501559637,14.05927274970684,15.517693544949564,19.676576628309235,11.032786974082907,13.989674283135217,9,382,26,23,25,1,4,7.153581827878952e-05,0.01648859679698944,35.4296875,35.6484375,
sparse_u12,30,12,sparseU12_N30_seed12,ok,30,76,5.066666666666666,0,29,0,3,5,4.295960426330566,3.9724061489105225,1.0814504522677728,1.8370990954644544,0.4592747738661136,1.0066719055175781,1.9862030744552612,ok,ok,1,16,4.295960426330566,4583348,856679,31153,4583348,5471180,4693348352,5139943168,15.515004873254151,19.58771913730324,8.445382675087354,10.662309499614164,15.337940293403625,19.496823376763295,8.348999970263387,10.612831623998007,11,1024,26,23,25,1,4,5.35380095243454e-05,0.02020472101867199,35.55078125,35.98828125,
sparse_u12,30,13,sparseU12_N30_seed13,ok,30,71,4.733333333333333,0,29,0,3,5,4.0501885414123535,3.995286464691162,1.0137417121917027,1.9725165756165945,0.49312914390414864,1.0179134607315063,1.997643232345581,ok,ok,5,80,4.0501885414123535,3216020,616896,23433,3216020,3856349,3293204480,3615054080,13.5557935264816,17.62634601766071,6.872334404715537,8.93596851633596,13.37421721573303,17.533100299092702,6.780281281820075,8.888696052458764,10,638,25,22,24,1,4,6.118882447481155e-05,0.015295718796551228,35.43359375,35.65234375,
sparse_u12,30,14,sparseU12_N30_seed14,ok,30,69,4.6,0,29,0,3,5,4.532356142997742,3.9950101375579834,1.1345042908372243,1.7309914183255515,0.43274785458138787,1.0026119947433472,1.9975050687789917,ok,ok,1,16,4.532356142997742,2792058,577520,23299,2792058,3392877,2859067392,3160722176,15.037188792004063,19.101477652903775,8.687038325441302,11.034992693020572,14.8422895162876,19.001172599647273,8.574444309287834,10.977046101145765,9,360,25,22,24,1,4,9.478721767663956e-05,0.02007282990962267,35.69140625,35.69140625,
sparse_u12,30,15,sparseU12_N30_seed15,ok,30,60,4.0,0,29,0,4,6,6.7664220333099365,3.9275951385498047,1.722790103006472,1.5544197939870559,0.31088395879741115,1.0394238233566284,1.9637975692749023,ok,ok,2,64,6.7664220333099365,5707601,2057587,140587,5707601,7905775,23378333696,27736232960,15.18995688247592,19.887122361126572,9.77210721404543,12.793919916650378,14.864162172683587,19.716192436603205,9.562514727477387,12.683956105597165,8,247,27,23,26,1,4,5.9666112065315247e-05,0.011801357381045818,35.4296875,35.6484375,
sparse_u12,30,16,sparseU12_N30_seed16,ok,30,73,4.866666666666666,0,4,1,3,5,4.274933934211731,3.989686965942383,1.0714960774377373,1.8570078451245253,0.46425196128113133,1.0016074180603027,1.9948434829711914,ok,ok,3,48,4.274933934211731,3501492,714142,27885,3501492,4243519,3585527808,3958307072,14.162291147149814,18.227881252827,7.62640350945859,9.81572657362936,13.970087432671876,18.128970516031547,7.5229016772059385,9.762463073932718,11,1016,25,22,24,1,4,5.729030817747116e-05,0.017828011885285378,35.44140625,35.66015625,
sparse_u12,30,17,sparseU12_N30_seed17,ok,30,67,4.466666666666667,0,2,1,3,5,3.7564175128936768,3.972975969314575,0.9454921303089937,2.109015739382013,0.5272539348455032,1.0006366968154907,1.9864879846572876,ok,ok,2,32,3.7564175128936768,2516957,491937,19339,2516957,3028233,2577363968,2834186496,14.230342658499994,18.299284879883746,6.747385708306659,8.676694316774437,14.045414009581622,18.204297092941296,6.659700896161747,8.631655398776468,8,219,25,22,24,1,4,5.060248076915741e-05,0.01230535190552473,35.44921875,35.44921875,
sparse_u12,30,18,sparseU12_N30_seed18,ok,30,69,4.6,0,5,1,3,5,3.3992159366607666,3.9804184436798096,0.8539845709081445,2.292030858183711,0.5730077145459278,1.001055121421814,1.9902092218399048,ok,ok,7,112,3.3992159366607666,2676020,517625,20023,2676020,3213668,2740244480,3010394368,13.037013372817729,17.10683805509893,5.687974630127246,7.463615943048433,12.853931024988569,17.01281410834824,5.608096845246879,7.422593830970415,10,638,25,22,24,1,4,5.5439770221710205e-05,0.020280526019632816,35.71875,35.9375,
sparse_u12,30,19,sparseU12_N30_seed19,ok,30,69,4.6,0,12,1,3,5,3.6024038791656494,3.9548990726470947,0.9108712543590871,2.1782574912818258,0.5445643728204564,1.011165976524353,1.9774495363235474,ok,ok,4,64,3.6024038791656494,2773325,587516,23766,2773325,3384607,2839884800,3146777088,13.648453996025312,17.710761535985768,6.265767041156227,8.130701538670538,13.449263158197184,17.608146241556856,6.174322003723618,8.083592647807261,8,219,25,22,24,1,4,5.7962723076343536e-05,0.012133744545280933,35.53125,35.53125,
sparse_u12,30,20,sparseU12_N30_seed20,ok,30,70,4.666666666666667,0,29,0,3,5,4.536844611167908,3.955623149871826,1.1469354989781861,1.7061290020436277,0.42653225051090693,1.012608528137207,1.977811574935913,ok,ok,2,32,4.536844611167908,3168624,558532,20247,3168624,3747403,3244670976,3535822592,14.443426444141334,18.520475905717728,8.465612170498698,10.85526116930995,14.275660801657494,18.434543885017167,8.367281011317367,10.80489450852543,10,638,25,22,24,1,4,6.099231541156769e-05,0.015123381279408932,35.68359375,35.90234375,
sparse_u12,30,21,sparseU12_N30_seed21,ok,30,76,5.066666666666666,0,1,1,3,5,4.048987150192261,3.981771230697632,1.0168809094245357,1.9662381811509286,0.49155954528773216,1.0005183219909668,1.990885615348816,ok,ok,3,48,4.048987150192261,4360704,829971,30656,4360704,5221331,4465360896,4898153984,14.369650619531534,18.44092322221234,7.308194275385459,9.378784014568382,14.18953178151248,18.34841486487215,7.2165884670221905,9.331735616145949,10,638,26,23,25,1,4,6.443168967962265e-05,0.018082385882735252,34.82421875,35.04296875,
sparse_u12,30,22,sparseU12_N30_seed22,ok,30,74,4.933333333333334,0,2,1,3,5,4.062681674957275,3.9718995094299316,1.0228561083460979,1.9542877833078043,0.48857194582695107,1.0059762001037598,1.9859497547149658,ok,ok,1,16,4.062681674957275,4039698,821445,31435,4039698,4892578,4136650752,4565277952,15.403229920894828,19.469156514523206,7.881761351863697,9.962277143016236,15.211680494667979,19.37056357802765,7.783746398353301,9.911827594419725,10,638,25,22,24,1,4,8.795689791440964e-05,0.02512249071151018,35.234375,35.453125,
sparse_u12,30,23,sparseU12_N30_seed23,ok,30,66,4.4,0,1,1,3,5,5.009478569030762,3.9444680213928223,1.2700010601839982,1.4599978796320037,0.3649994699080009,1.0301543474197388,1.9722340106964111,ok,ok,1,16,5.009478569030762,2265892,499012,21147,2265892,2786051,2320273408,2581181184,14.840135738969128,18.89892423212688,10.1644912955008,12.944487451509453,14.633479058357477,18.79236214171715,10.022945418280939,12.871499612351364,9,381,25,22,24,1,4,8.433032780885696e-05,0.019239213317632675,35.34375,35.34375,
sparse_u12,30,24,sparseU12_N30_seed24,ok,30,68,4.533333333333333,0,1,1,3,5,4.229433655738831,3.9862754344940186,1.060998850992763,1.878002298014474,0.4695005745036185,1.0060124397277832,1.9931377172470093,ok,ok,4,64,4.229433655738831,2730503,512385,19408,2730503,3262296,2796035072,3063344640,13.61164743880256,17.683890092247857,7.247939714021401,9.416330379863872,13.433702038153722,17.592585121513395,7.1531872204611044,9.367712244076182,9,382,25,22,24,1,4,9.357277303934097e-05,0.020549525506794453,35.5859375,35.5859375,
sparse_u12,30,25,sparseU12_N30_seed25,ok,30,69,4.6,0,1,1,3,5,3.3070642948150635,3.979468822479248,0.8310315879682479,2.337936824063504,0.584484206015876,1.0127989053726196,1.989734411239624,ok,ok,4,64,3.3070642948150635,2823352,537285,20338,2823352,3380975,2891112448,3171408896,13.647380326280741,17.71855868942645,5.837360610352423,7.578715774975608,13.467141028388628,17.6260241117483,5.760267296265841,7.53913618637179,8,219,25,22,24,1,4,0.00011411868035793304,0.017382096499204636,35.7109375,35.7109375,
sparse_u12,30,26,sparseU12_N30_seed26,ok,30,62,4.133333333333334,0,2,1,3,5,3.7399814128875732,3.932194232940674,0.9511181776213137,2.0977636447573724,0.5244409111893431,1.0290740728378296,1.966097116470337,ok,ok,4,64,3.7399814128875732,1659531,357626,15331,1659531,2032488,1699359744,1886388992,13.138476855207742,17.19904716891691,6.263087306352542,8.198753568782603,12.9357512291732,17.09463431253287,6.1664483801602685,8.148980155726761,8,219,24,21,23,1,4,4.875939339399338e-05,0.011189009062945843,35.734375,35.734375,
sparse_u12,30,27,sparseU12_N30_seed27,ok,30,72,4.8,0,3,1,3,5,4.0807764530181885,3.917971134185791,1.0415534758313707,1.9168930483372586,0.47922326208431465,1.019130825996399,1.9589855670928955,ok,ok,3,48,4.0807764530181885,3524497,706931,27356,3524497,4258784,3609084928,3978036736,14.165881942820588,18.23285324121901,7.390022075101313,9.511669551430874,13.976636000343031,18.1355190837027,7.291296722301003,9.460892510113549,10,638,25,22,24,1,4,5.872640758752823e-05,0.016443843953311443,35.92578125,36.14453125,
sparse_u12,30,28,sparseU12_N30_seed28,ok,30,71,4.733333333333333,0,29,0,3,5,4.055273413658142,3.944196939468384,1.0281619999950433,1.9436760000099134,0.48591900000247834,1.0161526203155518,1.972098469734192,ok,ok,4,64,4.055273413658142,3152188,621188,23689,3152188,3797065,3227840512,3551953152,13.763444596725506,17.831880389440496,7.081141402505,9.174307029232006,13.577313011731395,17.736196095091067,6.985378741962213,9.125078508455426,9,382,25,22,24,1,4,7.120147347450256e-05,0.01352201122790575,35.41015625,35.62890625,
sparse_u12,30,29,sparseU12_N30_seed29,ok,30,60,4.0,0,29,0,3,5,4.8538782596588135,3.9979217052459717,1.2141003795271121,1.5717992409457757,0.39294981023644393,1.0046162605285645,1.9989608526229858,ok,ok,2,32,4.8538782596588135,1334407,312731,14321,1334407,1661459,1366432768,1530217216,13.63005950941523,17.682939630715897,8.671628764252242,11.250126078490661,13.410850375816272,17.569733459175946,8.532164939681964,11.178102776410535,8,177,24,21,23,1,4,5.931872874498367e-05,0.010246477089822292,35.7421875,35.7421875,
sparse_u12,30,30,sparseU12_N30_seed30,ok,30,62,4.133333333333334,0,1,1,3,5,3.531578779220581,3.9544308185577393,0.8930687983330605,2.213862403333879,0.5534656008334697,1.0008400678634644,1.9772154092788696,ok,ok,2,32,3.531578779220581,1562096,384759,17916,1562096,1964771,1599586304,1801169408,13.797739076494102,17.845966059214998,6.23242847239103,8.061009587741573,13.568391886600349,17.72727496996002,6.128832517399258,8.00739691105659,9,382,24,21,23,1,4,5.1691196858882904e-05,0.01265187282115221,35.515625,35.734375,
sparse_u12,30,31,sparseU12_N30_seed31,ok,30,80,5.333333333333333,0,4,1,3,5,4.29893159866333,3.9888250827789307,1.0777438241709898,1.8445123516580204,0.4611280879145051,1.0094503164291382,1.9944125413894653,ok,ok,3,48,4.29893159866333,5608891,1003649,34956,5608891,6647496,5743504384,6266321408,14.611138511701048,18.68725431122047,7.9214099588800195,10.131270899011664,14.44125128657952,18.60013436993919,7.829305818200877,10.084038934854325,11,1023,26,23,25,1,4,8.347723633050919e-05,0.02007709164172411,35.87109375,36.08984375,
sparse_u12,30,32,sparseU12_N30_seed32,ok,30,71,4.733333333333333,0,1,1,3,5,4.616819262504578,3.961005210876465,1.1655675811350419,1.6688648377299162,0.41721620943247906,1.0216095447540283,1.9805026054382324,ok,ok,4,64,4.616819262504578,3243131,657653,25807,3243131,3926591,3320966144,3664291072,13.79698781626498,17.863017638291385,8.267288940566582,10.703693453443279,13.60575541804999,17.76463850140966,8.152700632459428,10.64474372027283,10,609,25,22,24,1,4,5.7256780564785004e-05,0.016499600373208523,35.8671875,36.0859375,
sparse_u12,30,33,sparseU12_N30_seed33,ok,30,70,4.666666666666667,0,29,0,3,5,4.39784836769104,3.984499931335449,1.1037390998817391,1.7925218002365217,0.44813045005913044,1.0081663131713867,1.9922499656677246,ok,ok,3,48,4.39784836769104,3088769,596841,22749,3088769,3708359,3162899456,3474305792,14.027487730004722,18.09745951301184,7.825560463562455,10.096088934942882,13.844670898953655,18.003553982313324,7.723571840033891,10.043701549369034,10,638,25,22,24,1,4,6.197486072778702e-05,0.014996139332652092,35.71875,35.9375,
sparse_u12,30,34,sparseU12_N30_seed34,ok,30,65,4.333333333333333,0,3,1,3,5,3.7464442253112793,3.979745864868164,0.9413777543896982,2.1172444912206037,0.5293111228051509,1.0034379959106445,1.989872932434082,ok,ok,2,32,3.7464442253112793,2035763,477201,21156,2035763,2534120,2084621312,2334364160,14.052209814140976,18.10526947983372,6.637027453565269,8.551336208411117,13.833234064601923,17.992117147961597,6.533602577294691,8.497893003178408,9,318,24,21,23,1,4,5.300994962453842e-05,0.012469504028558731,35.8046875,35.8046875,
sparse_u12,30,35,sparseU12_N30_seed35,ok,30,67,4.466666666666667,0,1,1,3,5,4.381847620010376,3.9628078937530518,1.105743134033294,1.7885137319334121,0.44712843298335303,1.000225305557251,1.9814039468765259,ok,ok,2,32,4.381847620010376,2266094,451060,17861,2266094,2735015,2320480256,2555995392,14.128500297723928,18.195971667843448,7.899576081225159,10.173794778848753,13.940421021938812,18.099304105298486,7.794416544327559,10.119745676055194,9,318,25,22,24,1,4,9.165797382593155e-05,0.016808683052659035,35.69921875,35.69921875,
sparse_u12,30,36,sparseU12_N30_seed36,ok,30,68,4.533333333333333,0,29,0,3,5,4.510007739067078,3.926459312438965,1.1486195017428145,1.702760996514371,0.42569024912859277,1.0283585786819458,1.9632296562194824,ok,ok,1,16,4.510007739067078,2618773,569939,23650,2618773,3212362,2681623552,2979486720,14.982517050064482,19.042428158777916,8.798954803835873,11.183265412913867,14.778216445430246,18.93709952878992,8.678972842155725,11.121407859091804,9,382,25,22,24,1,4,5.550868809223175e-05,0.014749081805348396,35.76171875,35.76171875,
sparse_u12,30,37,sparseU12_N30_seed37,ok,30,67,4.466666666666667,0,29,0,3,5,4.6516289710998535,3.9755778312683105,1.1700510387482128,1.6598979225035744,0.4149744806258936,1.0018349885940552,1.9877889156341553,ok,ok,1,16,4.6516289710998535,2576822,539749,21758,2576822,3138329,2638665728,2920587264,14.959201050628968,19.022461828573565,9.01212107553364,11.460019059414542,14.762067414683884,18.920950498043556,8.893358570157554,11.398863894898822,9,382,25,22,24,1,4,6.663240492343903e-05,0.01334440242499113,35.43359375,35.65234375,
sparse_u12,30,38,sparseU12_N30_seed38,ok,30,76,5.066666666666666,0,29,0,3,5,3.9063597917556763,3.984790563583374,0.9803174669844711,2.039365066031058,0.5098412665077645,1.0277910232543945,1.992395281791687,ok,ok,3,48,3.9063597917556763,4695193,893392,32834,4695193,5621419,4807877632,5273699840,14.443482392434454,18.514796999191105,7.082342751189644,9.07870655802885,14.263437488672734,18.422320572032405,6.994057967478939,9.03336086259695,10,638,26,23,25,1,4,5.8628618717193604e-05,0.018295515328645706,35.765625,35.984375,
sparse_u12,30,39,sparseU12_N30_seed39,ok,30,70,4.666666666666667,0,1,1,3,5,4.858089566230774,3.9975392818450928,1.2152700007962118,1.5694599984075763,0.3923649996018941,1.006932020187378,1.9987696409225464,ok,ok,1,16,4.858089566230774,3023576,640774,25839,3023576,3690189,3096141824,3430832896,15.12118823421723,19.183480173228975,9.634643921832774,12.22298127552989,14.921950794810778,19.08083387817045,9.507697430932334,12.157578974634884,9,382,25,22,24,1,4,7.850117981433868e-05,0.021259539760649204,35.75390625,35.75390625,
sparse_u12,30,40,sparseU12_N30_seed40,ok,30,70,4.666666666666667,0,29,0,3,5,3.754411816596985,3.9917683601379395,0.9405384976966067,2.1189230046067866,0.5297307511516967,1.001912236213684,1.9958841800689697,ok,ok,7,112,3.754411816596985,2964378,576061,22222,2964378,3562661,3035523072,3336155136,13.140108146465014,17.20958595266368,6.201314591373486,8.121855261020823,12.956267638575868,17.115150721935542,6.114553294483766,8.07728769980089,8,219,25,22,24,1,4,8.349306881427765e-05,0.018703711219131947,35.75390625,35.75390625,
sparse_u12,60,1,sparseU12_N60_seed1,ok,60,144,4.8,0,59,0,3,5,4.135890007019043,3.9815406799316406,1.0387662313398873,1.9224675373202254,0.48061688433005634,1.0266906023025513,1.9907703399658203,ok,ok,1,16,4.135890007019043,253961688,20840914,337586,253961688,275140188,260056768512,270813738496,19.4327913002854,23.552108387456396,10.10825458586065,12.250978458802097,19.352693978960453,23.511577062320125,10.066590776318984,12.229895488947236,17,9388,30,28,29,1,4,0.00013149436563253403,0.23151075467467308,35.80859375,38.66796875,
sparse_u12,60,2,sparseU12_N60_seed2,ok,60,137,4.566666666666666,0,59,0,4,6,5.6016470193862915,3.9913382530212402,1.4034508388624114,2.193098322275177,0.4386196644550354,1.0012531280517578,1.9956691265106201,ok,ok,2,64,5.6016470193862915,2966391840,328502215,7452859,2966391840,3302346914,12150340976640,12830745240576,21.22475205814654,26.023982295290956,9.677975603085333,11.866308970722754,21.117465001963023,25.969495265882635,9.629055290168303,11.84146419798507,16,14893,34,32,33,1,4,0.00017925072461366653,0.5296540027484298,35.68359375,40.55078125,
sparse_u12,60,3,sparseU12_N60_seed3,ok,60,147,4.9,0,59,0,3,5,3.793967843055725,3.9702208042144775,0.9556062572208437,2.0887874855583126,0.5221968713895782,1.0146695375442505,1.9851104021072388,ok,ok,2,32,3.793967843055725,273675962,21078107,326885,273675962,295080954,280244185088,291119858432,18.809613116436758,22.93126500116303,9.005039165776662,10.97826617581143,18.73430816350707,22.893191246866742,8.96898717223958,10.96003849369464,17,9402,30,29,29,1,4,0.00013805553317070007,0.23445419687777758,35.40625,38.46875,
sparse_u12,60,4,sparseU12_N60_seed4,ok,60,148,4.933333333333334,0,1,1,3,5,4.324099183082581,3.9767332077026367,1.0873495799786421,1.8253008400427158,0.45632521001067894,1.004259467124939,1.9883666038513184,ok,ok,2,32,4.324099183082581,279381516,23414369,379929,279381516,303175814,286086672384,298172091136,18.836676258861534,22.955200741004177,10.319765293276651,12.576119090849144,18.75494166599011,22.91382474934978,10.274986596484121,12.553451051287276,16,6871,31,29,30,1,4,0.00013985857367515564,0.18704615347087383,35.84765625,38.24609375,
sparse_u12,60,5,sparseU12_N60_seed5,ok,60,162,5.4,0,59,0,4,6,5.577249884605408,3.9895684719085693,1.3979581811607078,2.2040836376785844,0.4408167275357169,1.00016188621521,1.9947842359542847,ok,ok,7,224,5.577249884605408,8406158462,778676953,14687544,8406158462,9199522959,34431625060352,36041395505152,20.99650731831911,25.804043217072664,9.52618446931231,11.7073793280596,20.906320275355114,25.758350539274726,9.485266311116197,11.686648409769193,19,43796,36,33,35,1,4,0.00019278842955827713,1.0653905682265759,35.57421875,53.83203125,
sparse_u12,60,6,sparseU12_N60_seed6,ok,60,129,4.3,0,59,0,3,5,4.643023610115051,3.9963998794555664,1.16180155894399,1.6763968821120199,0.41909922052800497,1.0011022090911865,1.9981999397277832,ok,ok,1,16,4.643023610115051,146364571,13237711,237620,146364571,159839902,149877320704,156715859456,18.889683259751216,23.005111467983692,11.268025764849265,13.722950521716879,18.80161112883831,22.960494212197982,11.215489201549321,13.696335549891414,13,2380,30,28,29,1,4,0.00011785794049501419,0.102152019739151,35.67578125,36.33203125,
sparse_u12,60,7,sparseU12_N60_seed7,ok,60,143,4.766666666666667,0,2,1,3,5,5.267098665237427,3.982901096343994,1.3224276821918148,1.3551446356163703,0.3387861589040926,1.0057275295257568,1.991450548171997,ok,ok,2,32,5.267098665237427,245043885,19364153,308072,245043885,264716110,250924938240,260918251008,18.701021346137885,22.82173707787873,13.800018724666954,16.840812764977336,18.623800694357527,22.7826837777172,13.743035396282057,16.811994217395686,18,12616,30,28,29,1,4,0.00013529323041439056,0.29213447868824005,35.75,40.19140625,
sparse_u12,60,8,sparseU12_N60_seed8,ok,60,130,4.333333333333333,0,5,1,3,5,5.079218626022339,3.9801089763641357,1.2761506421520772,1.4476987156958456,0.3619246789239614,1.006078839302063,1.9900544881820679,ok,ok,1,16,5.079218626022339,149886482,14183105,260507,149886482,164330094,153483757568,160812197120,18.917387731177026,23.03091432131114,13.067213175003932,15.908637668605781,18.825388778886275,22.984271862245947,13.003664764486395,15.876419321957062,16,6793,30,28,29,1,4,0.00012428127229213715,0.1728196768090129,35.34375,37.75,
sparse_u12,60,9,sparseU12_N60_seed9,ok,60,125,4.166666666666667,0,1,1,3,5,4.184288859367371,3.9982686042785645,1.0465252021561895,1.906949595687621,0.47673739892190525,1.0258874893188477,1.9991343021392822,ok,ok,1,16,4.184288859367371,121857291,11051182,202135,121857291,133110608,124781865984,130491817728,18.706690979663584,22.82198764010139,9.80974590097553,11.967798043383565,18.61836117210916,22.777244255468833,9.763425952218535,11.944334714969568,14,3473,29,27,28,1,4,0.00013734214007854462,0.10650643706321716,35.359375,36.453125,
sparse_u12,60,10,sparseU12_N60_seed10,ok,60,147,4.9,0,59,0,3,5,4.469255566596985,3.9908623695373535,1.119872136085487,1.7602557278290258,0.44006393195725646,1.0001497268676758,1.9954311847686768,ok,ok,1,16,4.469255566596985,277419701,23150465,374910,277419701,300945076,284077773824,296026788864,19.522438334302354,23.641127067854466,11.090683032959046,13.430507109902576,19.441042083510645,23.599925166870317,11.044441882025769,13.407100339890265,17,9402,30,29,29,1,4,0.00015402119606733322,0.30256693810224533,35.9140625,38.72265625,
sparse_u12,60,11,sparseU12_N60_seed11,ok,60,152,5.066666666666666,0,2,1,3,5,4.178554534912109,3.9894115924835205,1.0474112379843068,1.9051775240313864,0.4762943810078466,1.0117865800857544,1.9947057962417603,ok,ok,3,48,4.178554534912109,325884695,24605697,372704,325884695,350863096,333705927680,346399456768,18.577294376790647,22.69965743450386,9.750951888977145,11.914720359744228,18.503441891778557,22.662324975138226,9.712187792676126,11.895125094266481,18,12616,31,29,30,1,4,0.00019379984587430954,0.4243073919788003,35.82421875,40.59765625,
sparse_u12,60,12,sparseU12_N60_seed12,ok,60,151,5.033333333333333,0,59,0,3,5,5.120111346244812,3.9966039657592773,1.2811155145996784,1.4377689708006431,0.3594422427001608,1.0195809602737427,1.9983019828796387,ok,ok,1,16,5.120111346244812,318481618,25549366,400003,318481618,344430987,326125176832,339308852992,19.65740430033804,23.77758787808687,13.67215783589454,16.537836301228538,19.579075317025243,23.737958400384915,13.617678302044828,16.510273126263172,17,9402,31,29,30,1,4,0.00016553141176700592,0.4113443223759532,35.8359375,38.6796875,
sparse_u12,60,13,sparseU12_N60_seed13,ok,60,158,5.266666666666667,0,1,1,3,5,4.279630661010742,3.9680674076080322,1.0785176312290827,1.8429647375418345,0.46074118438545864,1.002278208732605,1.9840337038040161,ok,ok,2,32,4.279630661010742,396864437,30259426,451583,396864437,427575446,406389183488,421997614848,19.180494132081396,23.302529596147767,10.407412437887736,12.644045282835375,19.105958131264018,23.26484121462369,10.366968907255243,12.623595417053163,16,6885,31,29,30,1,4,0.00022520776838064194,0.3187880180776119,35.89453125,38.34375,
sparse_u12,60,14,sparseU12_N60_seed14,ok,60,156,5.2,0,2,1,3,5,3.4315117597579956,3.9973092079162598,0.8584554212024027,2.2830891575951946,0.5707722893987986,1.0107746124267578,1.9986546039581299,ok,ok,4,64,3.4315117597579956,371124102,27139408,398450,371124102,398661960,380031080448,394028460544,18.417330036597093,22.540805895159107,8.06684661233129,9.87294158888723,18.345752710255457,22.50463579361513,8.035495525535788,9.857098974321062,19,16664,31,29,30,1,4,0.00013625528663396835,0.389393737539649,35.80859375,41.0625,
sparse_u12,60,15,sparseU12_N60_seed15,ok,60,134,4.466666666666667,0,59,0,3,5,3.8109670877456665,3.9462995529174805,0.9657064894955165,2.068587021008967,0.5171467552522417,1.0003660917282104,1.9731497764587402,ok,ok,2,32,3.8109670877456665,177417586,14802498,249875,177417586,192469959,181675608064,189318455040,18.38230346181113,22.500960478576747,8.886405684226444,10.877454151095735,18.300869574271864,22.459752657631537,8.847038770138612,10.857533393338533,17,9402,30,28,29,1,4,0.00011350400745868683,0.21067810151726007,35.625,38.37890625,
sparse_u12,60,16,sparseU12_N60_seed16,ok,60,141,4.7,0,59,0,3,5,3.63762366771698,3.9775874614715576,0.9145301524988205,2.170939695002359,0.5427349237505897,1.0110082626342773,1.9887937307357788,ok,ok,6,96,3.63762366771698,225693360,18208416,294824,225693360,244196600,231110000640,240508184576,17.521724727301976,21.641671765946374,8.07103245089585,9.968803746952013,17.442928352543426,21.601811435903098,8.034736475038047,9.950442882237512,18,12616,30,28,29,1,4,0.00016376934945583344,0.29486889485269785,35.82421875,40.78125,
sparse_u12,60,17,sparseU12_N60_seed17,ok,60,143,4.766666666666667,0,1,1,3,5,3.7772557735443115,3.9984354972839355,0.9446834333353965,2.110633133329207,0.5276582833323018,1.0133686065673828,1.9992177486419678,ok,ok,2,32,3.7772557735443115,238726760,19076887,306145,238726760,258109792,244456202240,254301941504,18.675748422192658,22.79605224124479,8.84841052065475,10.800575372986511,18.59768301171316,22.75656609507283,8.811423794138067,10.78186717327694,17,9402,30,28,29,1,4,0.00015940330922603607,0.21935571543872356,35.73828125,38.62890625,
sparse_u12,60,18,sparseU12_N60_seed18,ok,60,140,4.666666666666667,0,59,0,3,5,5.362669110298157,3.955580949783325,1.3557222512642315,1.288555497471537,0.32213887436788424,1.0233383178710938,1.9777904748916626,ok,ok,1,16,5.362669110298157,220252051,18320723,302190,220252051,238874964,225538100224,234995671040,19.291450809818265,23.410244207574735,14.97137752131968,18.167819898724886,19.210283134882495,23.369166218242167,14.908386307441006,18.135940798900958,16,6885,30,28,29,1,4,0.00011743418872356415,0.20173977222293615,35.89453125,38.28125,
sparse_u12,60,19,sparseU12_N60_seed19,ok,60,143,4.766666666666667,0,59,0,4,6,5.531274676322937,3.9863717555999756,1.387546123502584,2.224907752994832,0.4449815505989664,1.0066180229187012,1.9931858777999878,ok,ok,6,192,5.531274676322937,3983522937,392387258,8080599,3983522937,4383990794,16316509949952,17128393587712,20.409465817453107,25.214263274122636,9.173173939450296,11.332723003991081,20.313672955541822,25.165703219461435,9.130119182783488,11.3108973554464,17,21778,35,32,34,1,4,0.00013673584908246994,0.42596727330237627,35.5546875,41.65625,
sparse_u12,60,20,sparseU12_N60_seed20,ok,60,155,5.166666666666667,0,59,0,5,7,5.78080427646637,3.9899144172668457,1.448854203851899,3.102291592296202,0.5170485987160336,1.0085420608520508,1.9949572086334229,ok,ok,27,1728,5.78080427646637,86056986654,10351535028,261935295,86056986654,96670456977,1409957669339136,1495830331256832,21.998736814592693,27.48673790373174,7.091124789565651,8.860140024228693,21.882438683261242,27.42761612774081,7.053636975196347,8.841082571300108,18,63004,40,37,39,1,4,0.00023975316435098648,1.3474751152098179,35.99609375,59.26171875,
sparse_u12,60,21,sparseU12_N60_seed21,ok,60,167,5.566666666666666,0,3,1,3,5,3.9927135705947876,3.9716567993164062,1.0053017600317342,1.9893964799365316,0.4973491199841329,1.0046615600585938,1.9858283996582031,ok,ok,1,16,3.9927135705947876,522894398,36568863,507513,522894398,559970774,535443863552,554297044736,20.143395151045848,24.268377839593732,10.125379910036077,12.198864371353455,20.07489008577146,24.233773169131133,10.090944810765885,12.181469814355092,20,21683,31,29,30,1,4,0.0001162281259894371,0.7007976984605193,35.71875,41.69140625,
sparse_u12,60,22,sparseU12_N60_seed22,ok,60,165,5.5,0,59,0,3,5,3.8934520483016968,3.9731011390686035,0.9799529163796775,2.040094167240645,0.5100235418101613,1.001491904258728,1.9865505695343018,ok,ok,3,48,3.8934520483016968,492990994,35579714,506124,492990994,529076832,504822777856,523169159168,18.988031930683757,23.11196967789975,9.307429154785662,11.328873955441054,18.917389175423516,23.076272258783188,9.272801951593474,11.311376028291521,20,21700,31,29,30,1,4,9.05422493815422e-05,0.46254304982721806,35.8046875,42.0234375,
sparse_u12,60,23,sparseU12_N60_seed23,ok,60,127,4.233333333333333,0,59,0,4,6,6.075401782989502,3.9984610080718994,1.5194350453148786,1.9611299093702428,0.39222598187404856,1.00089693069458,1.9992305040359497,ok,ok,1,32,6.075401782989502,2054941836,237287200,5642995,2054941836,2297872031,8417041760256,8908784372736,21.555249327703155,26.352323011267206,10.99123990956059,13.437316357960933,21.44351338084442,26.295543644764038,10.934264618772936,13.408363984009632,16,14893,34,31,33,1,4,0.00017328932881355286,0.42576735094189644,35.890625,40.62109375,
sparse_u12,60,24,sparseU12_N60_seed24,ok,60,149,4.966666666666667,0,59,0,3,5,4.00727391242981,3.9675753116607666,1.0100057585932567,1.9799884828134866,0.49499712070337165,1.0007076263427734,1.9837876558303833,ok,ok,2,32,4.00727391242981,298848599,23193860,359118,298848599,322401577,306020965376,317988155904,18.89816127946405,23.019544070648323,9.54458141726688,11.626099985156705,18.82230046469305,22.981183548052723,9.506267651591232,11.606725871151207,18,12616,31,29,30,1,4,0.00012465473264455795,0.28114980179816484,35.65625,40.38671875,
sparse_u12,60,25,sparseU12_N60_seed25,ok,60,144,4.8,0,3,1,3,5,4.254736542701721,3.9881975650787354,1.0668319393093366,1.8663361213813268,0.4665840303453317,1.0201853513717651,1.9940987825393677,ok,ok,1,16,4.254736542701721,253333242,20889730,338184,253333242,274561156,259413239808,270195356672,19.43068458462797,23.549822355303426,10.411138895091836,12.618210667151185,19.35021634205016,23.509099425409833,10.368023273175751,12.596390948062506,18,12616,30,28,29,1,4,0.0002096518874168396,0.3896293928846717,35.75390625,40.1875,
sparse_u12,60,26,sparseU12_N60_seed26,ok,60,150,5.0,0,59,0,3,5,5.356934666633606,3.991283416748047,1.3421584255718533,1.3156831488562934,0.32892078721407336,1.013730764389038,1.9956417083740234,ok,ok,1,16,5.356934666633606,301734015,23639994,365674,301734015,325739683,308975631360,321172920832,19.60160910194043,23.722656786973708,14.898426812701718,18.03067616059042,19.52505644222224,23.68393952558191,14.840242089590584,18.001248663988783,17,9402,31,29,30,1,4,0.0001662876456975937,0.34589945152401924,35.79296875,38.50390625,
sparse_u12,60,27,sparseU12_N60_seed27,ok,60,149,4.966666666666667,0,59,0,3,5,4.1986894607543945,3.9715163707733154,1.0572005926131547,1.8855988147736906,0.47139970369342266,1.0030468702316284,1.9857581853866577,ok,ok,3,48,4.1986894607543945,288577151,21426003,324759,288577151,310327913,295503002624,306556254464,18.45452779158717,22.577466102792304,9.787091319211548,11.973631891310903,18.381860740637503,22.540743823997175,9.748553402036208,11.954156763034725,17,9402,31,29,30,1,4,0.0001221001148223877,0.19416144955903292,35.57421875,38.51171875,
sparse_u12,60,28,sparseU12_N60_seed28,ok,60,141,4.7,0,59,0,3,5,3.8019906282424927,3.9647881984710693,0.9589391508249152,2.0821216983501696,0.5205304245875424,1.000312328338623,1.9823940992355347,ok,ok,3,48,3.8019906282424927,229347131,18119132,289457,229347131,247755720,234851462144,244202558720,18.229341530029853,22.35006286562911,8.755175811516882,10.73427306546915,18.152134980995786,22.31101806435546,8.718095102404035,10.715520654740907,17,9402,30,28,29,1,4,0.0001222146674990654,0.25044085923582315,35.3828125,38.375,
sparse_u12,60,29,sparseU12_N60_seed29,ok,60,143,4.766666666666667,0,3,1,3,5,3.707095146179199,3.9968552589416504,0.9275029757171697,2.1449940485656604,0.5362485121414151,1.0013257265090942,1.9984276294708252,ok,ok,3,48,3.707095146179199,242320091,18755524,294258,242320091,261369873,248135773184,257813931520,18.282834811357596,22.404302955114527,8.523489761467252,10.444925462658555,18.207157811551554,22.366040894911226,8.488209010988411,10.427087622861803,16,6885,30,28,29,1,4,0.00018909666687250137,0.24144934862852097,35.7578125,38.1640625,
sparse_u12,60,30,sparseU12_N60_seed30,ok,60,141,4.7,0,59,0,3,5,5.3138779401779175,3.994180917739868,1.3304049189601577,1.3391901620796847,0.33479754051992117,1.001060128211975,1.997090458869934,ok,ok,1,16,5.3138779401779175,222448113,19115839,320727,222448113,241884679,227786867712,237656283392,19.303971637485148,23.421502557105743,14.414660579276658,17.489303028282038,19.220204432375223,23.37908751573489,14.352109936745174,17.457630871054583,17,9401,30,28,29,1,4,0.00011231843382120132,0.21788367722183466,35.37109375,38.36328125,
sparse_u12,60,31,sparseU12_N60_seed31,ok,60,137,4.566666666666666,0,59,0,3,5,3.4124120473861694,3.9957644939422607,0.8540073001197951,2.29198539976041,0.5729963499401025,1.0148038864135742,1.9978822469711304,ok,ok,3,48,3.4124120473861694,192876586,15501346,254149,192876586,208632081,197505624064,205507375360,18.057470591984377,22.177546749160467,7.878527757581699,9.676129154871044,17.978948802888,22.13783188624767,7.84426846906067,9.658801442872116,15,4944,30,28,29,1,4,0.00011774804443120956,0.13696947321295738,35.1796875,36.7109375,
sparse_u12,60,32,sparseU12_N60_seed32,ok,60,157,5.233333333333333,0,59,0,3,5,4.994056463241577,3.9958744049072266,1.2498031612576486,1.5003936774847029,0.3750984193711757,1.0007257461547852,1.9979372024536133,ok,ok,1,16,4.994056463241577,385124071,27929836,407059,385124071,413460966,394367048704,408771331840,19.840073668939503,23.963833023544115,13.223245316655756,15.971696884058908,19.769076102674365,23.927959186034037,13.17592602483885,15.947787267503994,17,9402,31,29,30,1,4,0.0001177741214632988,0.2967772400006652,35.71484375,38.43359375,
sparse_u12,60,33,sparseU12_N60_seed33,ok,60,163,5.433333333333334,0,59,0,3,5,4.499646782875061,3.9966015815734863,1.125868238560703,1.7482635228785939,0.43706588071964847,1.0071537494659424,1.9983007907867432,ok,ok,2,32,4.499646782875061,467438244,33546350,478266,467438244,501462860,478656761856,495954929152,19.339892924237382,23.464014988097645,11.062344246817771,13.421326179398342,19.26963061901159,23.42851370237126,11.022154478910183,13.40101958072955,19,16664,31,29,30,1,4,0.00010420940816402435,0.3489304129034281,35.7734375,41.0546875,
sparse_u12,60,34,sparseU12_N60_seed34,ok,60,155,5.166666666666667,0,59,0,3,5,4.413089394569397,3.9932022094726562,1.1051504940322547,1.7896990119354905,0.44742475298387263,1.0040802955627441,1.9966011047363281,ok,ok,1,16,4.413089394569397,361604420,27724520,417260,361604420,389746200,370282926080,384584698880,19.781006316014988,23.902841162566503,11.052700026147185,13.35578832147675,19.70606140985892,23.864944493218587,11.010824322100715,13.334613437267068,18,12616,31,29,30,1,4,0.00013330858200788498,0.30976730678230524,35.5390625,40.0390625,
sparse_u12,60,35,sparseU12_N60_seed35,ok,60,139,4.633333333333334,0,59,0,3,5,4.151984930038452,3.997657060623169,1.038604579401122,1.922790841197756,0.480697710299439,1.0061683654785156,1.9988285303115845,ok,ok,4,64,4.151984930038452,214653942,17345288,282612,214653942,232281842,219805636608,228758772736,17.87716766740117,21.99705080776547,9.297510308643359,11.440168288955933,17.798243356126196,21.95712643948587,9.256463560560343,11.419404528580035,17,9402,30,28,29,1,4,0.00020363833755254745,0.3027033368125558,35.77734375,38.62109375,
sparse_u12,60,36,sparseU12_N60_seed36,ok,60,138,4.6,0,59,0,3,5,3.9932689666748047,3.99131178855896,1.0004903596159676,1.999019280768065,0.4997548201920162,1.0044946670532227,1.99565589427948,ok,ok,4,64,3.9932689666748047,205119258,16995663,281823,205119258,222396744,210042120192,218816046336,17.83367911882587,21.952614159361378,8.921214162563654,10.981692057980915,17.75280775317545,21.911690836535122,8.88075864198491,10.96122035807288,16,6885,30,28,29,1,4,0.00012782122939825058,0.17077383305877447,35.72265625,38.12890625,
sparse_u12,60,37,sparseU12_N60_seed37,ok,60,146,4.866666666666666,0,2,1,3,5,4.613759517669678,3.9714395999908447,1.1617347819365837,1.6765304361268325,0.4191326090317081,1.0123993158340454,1.9857197999954224,ok,ok,2,32,4.613759517669678,272140107,21855187,346593,272140107,294341887,278671469568,289950053120,18.807105350073066,22.92723861167312,11.217872902756103,13.67540852084992,18.728680410346946,22.88756349370662,11.171094784067545,13.651743505821527,16,6885,30,29,29,1,4,0.00019783992320299149,0.1978328237310052,35.75390625,38.0,
sparse_u12,60,38,sparseU12_N60_seed38,ok,60,145,4.833333333333333,0,1,1,3,5,3.6834553480148315,3.9901134967803955,0.9231455072611331,2.153708985477734,0.5384272463694335,1.0038450956344604,1.9950567483901978,ok,ok,5,80,3.6834553480148315,255322189,20561639,328342,255322189,276212170,261449921536,272061536256,17.827241947808368,21.947267479216265,8.277460914179146,10.19045174032551,17.748598879436035,21.907481962795703,8.240945735525663,10.171978716955673,17,9372,30,28,29,1,4,0.00017447862774133682,0.326824389398098,35.91015625,38.84375,
sparse_u12,60,39,sparseU12_N60_seed39,ok,60,146,4.866666666666666,0,59,0,4,6,5.497560262680054,3.9995229244232178,1.374554007206465,2.25089198558707,0.45017839711741403,1.0149726867675781,1.9997614622116089,ok,ok,3,96,5.497560262680054,4539896056,465342822,9730652,4539896056,5014969530,18595414245376,19558400532480,21.23708089390106,26.040077813355744,9.43496224158534,11.56878161195463,21.137557664915274,25.989587928834894,9.390747223884334,11.546350555802604,17,21778,35,33,34,1,4,0.00018131453543901443,0.774911742657423,35.875,42.06640625,
sparse_u12,60,40,sparseU12_N60_seed40,ok,60,142,4.733333333333333,0,1,1,3,5,4.5732128620147705,3.9621264934539795,1.1542319180294713,1.6915361639410573,0.42288404098526433,1.0002052783966064,1.9810632467269897,ok,ok,1,16,4.5732128620147705,235214305,19926996,330282,235214305,255471583,240859448320,251146622464,19.358621740287475,23.47671403653035,11.444403112957648,13.878931196973458,19.27600759271748,23.434890676077153,11.395563395941185,13.854206120829797,17,9388,30,28,29,1,4,0.00017060060054063797,0.29890081007033587,35.765625,38.609375,
sparse_u12,100,1,sparseU12_N100_seed1,ok,100,236,4.72,0,99,0,3,5,3.4288196563720703,3.9922165870666504,0.8588761610480293,2.2822476779039413,0.5705619194759853,1.0022070407867432,1.9961082935333252,ok,ok,2,32,3.4288196563720703,4017598551,182728872,1671468,4017598551,4201998891,4114020916224,4208005994496,21.4656789948873,25.602274113110745,9.40549932538513,11.218008615359551,21.420803005144503,25.579686088504175,9.385836258060197,11.208111343987447,27,98958,34,32,33,1,4,0.00011340901255607605,4.623464779928327,35.86328125,77.89453125,
sparse_u12,100,2,sparseU12_N100_seed2,ok,100,235,4.7,0,99,0,3,5,4.506364226341248,3.9745981693267822,1.1337911492835353,1.7324177014329294,0.43310442535823235,1.000062108039856,1.9872990846633911,ok,ok,3,48,4.506364226341248,3928389318,181047512,1671011,3928389318,4111107841,4022670661632,4115794766592,21.038346088153556,25.17465205940527,12.14392237550573,14.531513986830447,20.992883047402884,25.151766130762557,12.117679835549536,14.518303588077432,27,100956,34,32,33,1,4,0.00011336617171764374,4.871320736594498,35.72265625,73.87109375,
sparse_u12,100,3,sparseU12_N100_seed3,ok,100,259,5.18,0,99,0,3,5,5.137166738510132,3.9862234592437744,1.2887302458163503,1.4225395083672994,0.35563487709182484,1.0051127672195435,1.9931117296218872,ok,ok,1,16,5.137166738510132,6341364830,262685499,2184277,6341364830,6606234606,6493557585920,6628611736320,22.61127967736251,26.749827784757517,15.895009976428918,18.80427758063414,22.570359855098328,26.729242938458,15.866244643709864,18.789807088828155,27,98404,35,33,34,1,4,0.0005447622388601303,3.776326443068683,35.71875,72.91796875,
sparse_u12,100,4,sparseU12_N100_seed4,ok,100,258,5.16,0,99,0,3,5,4.775643348693848,3.996152877807617,1.1950602228496017,1.6098795543007967,0.40246988857519916,1.0024443864822388,1.9980764389038086,ok,ok,1,16,4.775643348693848,6253351545,269175261,2291979,6253351545,6524818785,6403431982080,6541836462336,22.598879017355713,26.736650324378164,14.037620986602855,16.607857558629867,22.556383404165572,26.715266487525245,14.011224221033274,16.594574678680374,28,122438,35,33,34,1,4,0.0007973760366439819,10.077746771275997,35.72265625,79.83984375,
sparse_u12,100,5,sparseU12_N100_seed5,ok,100,245,4.9,0,99,0,3,5,3.5022361278533936,3.9994359016418457,0.8756825247319648,2.2486349505360703,0.5621587376340176,1.000783920288086,1.9997179508209229,ok,ok,1,16,3.5022361278533936,4833290211,212930735,1881112,4833290211,5048102058,4949289176064,5058791277056,22.342278179492837,26.47955997040006,9.93592942872585,11.775837587193681,22.29879327580296,26.457676359162633,9.91659107250244,11.766105633488964,27,101584,34,33,33,1,4,0.0001188870519399643,4.43617436196655,35.7265625,75.60546875,
sparse_u12,100,6,sparseU12_N100_seed6,ok,100,254,5.08,0,99,0,4,6,6.4310067892074585,3.9983255863189697,1.6084249895036986,1.7831500209926028,0.35663000419852053,1.000637173652649,1.9991627931594849,ok,ok,1,32,6.4310067892074585,195262561664,10765939458,121369391,195262561664,206149870513,799795452575744,821968378842112,26.051869267978823,30.876987138883162,14.610026616536095,17.315978339105353,25.997610959904012,30.849641223823635,14.579598269265231,17.30064260473775,28,499154,40,38,39,1,4,0.0006033778190612793,20.386849272996187,35.609375,213.9375,
sparse_u12,100,7,sparseU12_N100_seed7,ok,100,240,4.8,0,99,0,3,5,4.869281888008118,3.9984374046325684,1.2177962026782245,1.564407594643551,0.39110189866088774,1.0054203271865845,1.9992187023162842,ok,ok,2,32,4.869281888008118,4297012364,193964260,1755096,4297012364,4492731720,4400140660736,4499899666432,21.53257957403071,25.669340313308087,13.764046945154911,16.40834549844846,21.48803863853148,25.646921721891154,13.73557550609278,16.394015095365724,24,55455,34,33,33,1,4,0.00017055775970220566,3.033556465059519,35.80859375,56.73046875,
sparse_u12,100,8,sparseU12_N100_seed8,ok,100,225,4.5,0,99,0,4,6,4.917754411697388,3.9917869567871094,1.2319681548475139,2.5360636903049723,0.5072127380609944,1.0022921562194824,1.9958934783935547,ok,ok,5,160,4.917754411697388,95291998348,5744926235,71581764,95291998348,101108506347,390316025233408,402154933889024,23.73002218495186,28.552684722747422,9.35702927164981,11.258662324570343,23.670773768877197,28.522804032796813,9.333666918290481,11.246880014029468,25,245506,39,37,38,1,4,0.0001215171068906784,12.143332665786147,35.71484375,124.77734375,
sparse_u12,100,9,sparseU12_N100_seed9,ok,100,218,4.36,0,99,0,4,6,5.822147607803345,3.9816417694091797,1.4622479733196265,2.075504053360747,0.41510081067214943,1.018966794013977,1.9908208847045898,ok,ok,2,64,5.822147607803345,78635368176,4752987414,60099230,78635368176,83448454820,322090468048896,331886127884288,24.454347790085617,29.276929954351086,11.782365710386385,14.105937257479503,24.394940231406324,29.246970495325936,11.753742514694187,14.091502470432646,25,245506,39,37,38,1,4,0.00023034308105707169,10.921766231767833,35.52734375,125.0390625,
sparse_u12,100,10,sparseU12_N100_seed10,ok,100,257,5.14,0,3,1,3,5,4.824661016464233,3.9802756309509277,1.2121424403243082,1.5757151193513836,0.3939287798378459,1.0180137157440186,1.9901378154754639,ok,ok,1,16,4.824661016464233,6104550524,264310680,2262950,6104550524,6371124154,6251059736576,6386966119936,22.575041767255506,26.712691763719313,14.326854829284203,16.95274192375278,22.532300317556256,26.69118340091593,14.29972971689914,16.939092018043784,27,101584,35,33,34,1,4,0.001093769446015358,6.868169813416898,35.83203125,76.2265625,
sparse_u12,100,11,sparseU12_N100_seed11,ok,100,247,4.94,0,99,0,3,5,4.576863646507263,3.9994094371795654,1.144384869415852,1.711230261168296,0.427807565292074,1.0076608657836914,1.9997047185897827,ok,ok,2,32,4.576863646507263,5036142254,218473627,1906422,5036142254,5256522303,5157009668096,5269356209152,21.68958830534853,25.827193406768544,12.674850835410398,15.092763371970602,21.646759019588202,25.805642102947875,12.649822476146177,15.080169331116068,28,122438,34,33,33,1,4,0.00012567173689603806,4.602485724724829,35.75,81.06640625,
sparse_u12,100,12,sparseU12_N100_seed12,ok,100,257,5.14,0,99,0,4,6,5.787890434265137,3.999992609024048,1.4469752822061628,2.1060494355876744,0.42120988711753493,1.011251449584961,1.999996304512024,ok,ok,1,32,5.787890434265137,213027706279,11196594734,121951398,213027706279,224346252411,872561484918784,895616989165568,26.136456465021176,30.962798067264355,12.410181842539718,14.701838211420931,26.084688070623862,30.93671833454348,12.385601035687541,14.689454963297605,30,768186,40,38,39,1,4,0.001334051601588726,39.57562506943941,35.75390625,344.41796875,
sparse_u12,100,13,sparseU12_N100_seed13,ok,100,252,5.04,0,99,0,3,5,4.884870886802673,3.984381914138794,1.226004683303186,1.5479906333936282,0.38699765834840705,1.0010216236114502,1.992190957069397,ok,ok,2,32,4.884870886802673,5549849117,242471283,2105037,5549849117,5794425437,5683045495808,5807729682176,21.787014980204017,25.924474947243123,14.074384243812116,16.74717817278353,21.743889397649134,25.902772481008807,14.046525171783792,16.733158406923103,27,101583,34,33,33,1,4,0.0006271675229072571,5.504763949662447,35.78125,75.89453125,
sparse_u12,100,14,sparseU12_N100_seed14,ok,100,241,4.82,0,99,0,3,5,4.437194585800171,3.9832303524017334,1.1139688627660498,1.7720622744679004,0.4430155686169751,1.0026836395263672,1.9916151762008667,ok,ok,2,32,4.437194585800171,4506891026,197122785,1745915,4506891026,4705759726,4615056410624,4716430230784,21.57890588843961,25.716337419544548,12.177284172995071,14.512095759877528,21.53572622096974,25.69460930432941,12.152917271169999,14.499834274754688,28,122438,34,33,33,1,4,0.000118279829621315,5.279996429570019,35.734375,79.72265625,
sparse_u12,100,15,sparseU12_N100_seed15,ok,100,242,4.84,0,99,0,3,5,5.805694222450256,3.9972803592681885,1.452411064685277,1.095177870629446,0.2737944676573615,1.0026912689208984,1.9986401796340942,ok,ok,1,16,5.805694222450256,4572084353,206496936,1858975,4572084353,4780440264,4681814377472,4788016706304,22.28779848464766,26.424548670581412,20.35084809724826,24.12808857742358,22.24323503262129,26.40211811598096,20.310157490524478,24.107607379618187,25,68406,34,33,33,1,4,0.00013565272092819214,4.257118275389075,35.7890625,59.4453125,
sparse_u12,100,16,sparseU12_N100_seed16,ok,100,223,4.46,0,99,0,4,6,5.564886927604675,3.9829397201538086,1.3971808057867812,2.2056383884264377,0.4411276776852875,1.000400424003601,1.9914698600769043,ok,ok,2,64,5.564886927604675,90320184565,5486131817,68943746,90320184565,95875260128,369951475978240,381257672335360,24.593166629269685,29.41561348444633,11.150135379542029,13.336553099001975,24.533479619682385,29.385509883602,11.123074275645536,13.322904623802101,23,145499,39,37,38,1,4,0.00019501801580190659,10.128275807015598,35.765625,88.28125,
sparse_u12,100,17,sparseU12_N100_seed17,ok,100,222,4.44,0,99,0,4,6,5.274345874786377,3.9901742935180664,1.3218334555847382,2.3563330888305236,0.4712666177661047,1.0036969184875488,1.9950871467590332,ok,ok,3,96,5.274345874786377,87657234496,5121339496,62714896,87657234496,92841288888,359044032495616,369596755836928,24.155545012483472,28.979085486692227,10.251328696687851,12.298382441794294,24.098087694699217,28.950117958618833,10.226944487996553,12.286088964182532,25,245506,39,37,38,1,4,0.00027906522154808044,10.291378407739103,35.86328125,129.1328125,
sparse_u12,100,18,sparseU12_N100_seed18,ok,100,233,4.66,0,99,0,3,5,3.35551381111145,3.9948360919952393,0.8399628254673956,2.3200743490652087,0.5800185872663022,1.0003401041030884,1.9974180459976196,ok,ok,2,32,3.35551381111145,3781793758,172413477,1587335,3781793758,3955794570,3872556808192,3961238866176,21.405300140082716,25.54184203446336,9.226126804387635,11.00906186250218,21.360317092613307,25.519200175972976,9.206738181136172,10.999302753489356,27,101584,34,32,33,1,4,0.00018510036170482635,4.1353434743359685,35.83203125,78.21875,
sparse_u12,100,19,sparseU12_N100_seed19,ok,100,265,5.3,0,99,0,3,5,4.600829720497131,3.9972362518310547,1.1510027005257901,1.6979945989484198,0.42449864973710494,1.0006802082061768,1.9986181259155273,ok,ok,2,32,4.600829720497131,7066614324,297942106,2481668,7066614324,7367038098,7236213067776,7389394733056,22.02713439551398,26.16533104122397,12.972440789361487,15.409549039454157,21.98550014238776,26.144383225747433,12.947921127666447,15.39721224198171,30,174436,35,33,34,1,4,0.0009508887305855751,8.374023801647127,35.765625,89.6171875,
sparse_u12,100,20,sparseU12_N100_seed20,ok,100,235,4.7,0,99,0,3,5,5.256380915641785,3.9788930416107178,1.3210661509800021,1.3578676980399957,0.33946692450999894,1.0060292482376099,1.9894465208053589,ok,ok,1,16,5.256380915641785,3906909448,183631362,1713551,3906909448,4092254361,4000675274752,4095133201152,22.132361843661087,26.26823163821863,16.299350721434706,19.345206956565296,22.086012475888715,26.244895559248388,16.26521678641344,19.328021129843055,26,83682,34,32,33,1,4,0.00017692334949970245,3.3315600706264377,35.76171875,61.8984375,
sparse_u12,100,21,sparseU12_N100_seed21,ok,100,253,5.06,0,3,1,3,5,4.20549738407135,3.9984960556030273,1.0517697968410535,1.896460406317893,0.47411510157947323,1.0010569095611572,1.9992480278015137,ok,ok,1,16,4.20549738407135,5628254730,233819057,1972411,5628254730,5864046198,5763332843520,5883553137920,22.492105679739836,26.63059324825505,11.860044957864314,14.042261657315674,22.451065236368326,26.609948319727998,11.838404409379997,14.031375625391002,28,122412,34,33,33,1,4,0.0011122887954115868,6.572326625697315,35.9296875,79.734375,
sparse_u12,100,22,sparseU12_N100_seed22,ok,100,254,5.08,0,4,1,3,5,4.874129414558411,3.9946751594543457,1.2201566385248193,1.5596867229503615,0.38992168073759037,1.0002477169036865,1.9973375797271729,ok,ok,1,16,4.874129414558411,5773471333,254290935,2209377,5773471333,6029971645,5912034644992,6042797204224,22.520008145352726,26.65729941171375,14.438802237639774,17.091444723776203,22.47653935407149,26.635422437431163,14.410932030987627,17.077418205526946,29,146596,34,33,33,1,4,0.0018469076603651047,8.028226188383996,35.7578125,84.34375,
sparse_u12,100,23,sparseU12_N100_seed23,ok,100,240,4.8,0,1,1,3,5,4.122161030769348,3.9961564540863037,1.0315314423073194,1.9369371153853612,0.4842342788463403,1.0098975896835327,1.9980782270431519,ok,ok,3,48,4.122161030769348,4388939224,196504301,1766408,4388939224,4587209933,4494273765376,4595336167936,21.147925529796137,25.28486201765957,10.918230314146609,13.054043839016966,21.103741111542885,25.262624194902557,10.895418825894208,13.04256291762805,26,83682,34,33,33,1,4,0.00014204438775777817,3.563275841064751,35.765625,61.9609375,
sparse_u12,100,24,sparseU12_N100_seed24,CENSORED,100,238,4.76,0,99,0,6,8,6.9154393672943115,3.998577833175659,1.7294747422240595,3.541050515551881,0.5058643593645544,1.000212550163269,1.9992889165878296,ok,WALL,9,1152,6.9154393672943115,,,,,,,,,,,,,,,,,,,,,,,0.00040147826075553894,120.00008272193372,35.76953125,1481.61328125,exceeded the declared 120s per-count wall
sparse_u12,100,25,sparseU12_N100_seed25,ok,100,243,4.86,0,99,0,3,5,4.4956406354904175,3.999725103378296,1.123987403957651,1.752025192084698,0.4380062980211745,1.0068432092666626,1.999862551689148,ok,ok,1,16,4.4956406354904175,4657436503,204848945,1812853,4657436503,4864098301,4769214979072,4874561729280,22.305147191315598,26.442462592411026,12.731065336323828,15.092512774287048,22.261731027067427,26.4206141104271,12.706284776977812,15.080042358860014,27,101584,34,33,33,1,4,0.00012695696204900742,3.9450488910079002,35.765625,78.08203125,
sparse_u12,100,26,sparseU12_N100_seed26,ok,100,254,5.08,0,99,0,4,6,6.685899376869202,3.9970765113830566,1.6726973721490677,1.6546052557018647,0.33092105114037296,1.0000158548355103,1.9985382556915283,ok,ok,2,64,6.685899376869202,197983729342,10641105632,118020669,197983729342,208742855643,810941355384832,832855192884224,25.37122179506709,30.196997821549967,15.333700716612862,18.250273119518617,25.318303508664044,30.170333772583657,15.30171829287724,18.23415806798326,29,621616,40,38,39,1,4,0.001039581373333931,24.32951516099274,35.76171875,234.265625,
sparse_u12,100,27,sparseU12_N100_seed27,ok,100,239,4.78,0,3,1,3,5,5.117953300476074,3.986884832382202,1.2836973014387396,1.4326053971225208,0.3581513492806302,1.0005208253860474,1.993442416191101,ok,ok,1,16,5.117953300476074,4266082616,188907871,1692933,4266082616,4456683420,4368468598784,4465622819584,22.21767069854739,26.35484108755804,15.50857671147477,18.396441295344424,22.173961822959008,26.33284490631868,15.478066652196636,18.381087324681225,26,83682,34,32,33,1,4,0.0001614876091480255,3.0856883227825165,35.4453125,62.07421875,
sparse_u12,100,28,sparseU12_N100_seed28,ok,100,245,4.9,0,2,1,3,5,3.2628066539764404,3.9929733276367188,0.8171371021673128,2.3657257956653743,0.5914314489163436,1.000899314880371,1.9964866638183594,ok,ok,2,32,3.2628066539764404,4848341272,220413645,1979829,4848341272,5070734746,4964701462528,5078060084992,21.653604383805206,25.790214528754067,9.153049108007465,10.901607690970971,21.60875529706535,25.767638380425023,9.134091252950032,10.892064679532195,28,122438,34,33,33,1,4,0.00012878980487585068,4.740131781436503,35.73046875,79.8828125,
sparse_u12,100,29,sparseU12_N100_seed29,ok,100,261,5.22,0,1,1,3,5,3.8258724212646484,3.997764825820923,0.9570028723435533,2.0859942553128934,0.5214985638282233,1.0073022842407227,1.9988824129104614,ok,ok,2,32,3.8258724212646484,6631308806,275715358,2293352,6631308806,6909317516,6790460217344,6932213578752,21.962989521704994,26.101464395060347,10.52878715546156,12.51272112978336,21.921920847738612,26.080803931098284,10.509099338075782,12.502816757367453,29,146596,35,33,34,1,4,0.0010795826092362404,6.877136433497071,35.8203125,84.703125,
sparse_u12,100,30,sparseU12_N100_seed30,ok,100,241,4.82,0,99,0,4,6,6.097180366516113,3.9971234798431396,1.5253920468715134,1.9492159062569732,0.3898431812513946,1.0051460266113281,1.9985617399215698,ok,ok,2,64,6.097180366516113,143208088127,8287150019,98147750,143208088127,151593385896,586580328968192,603652915503104,25.051320499988627,29.875137422126226,12.851998806070695,15.326746168152633,24.9944173906518,29.846447654571417,12.822805985945347,15.312027548494997,27,397593,39,38,38,1,4,0.00019946042448282242,20.012657650746405,35.8046875,202.0703125,
sparse_u12,100,31,sparseU12_N100_seed31,ok,100,249,4.98,0,3,1,3,5,4.707356095314026,3.9969558715820312,1.1777353182162633,1.6445293635674734,0.41113234089186834,1.0003437995910645,1.9984779357910156,ok,ok,2,32,4.707356095314026,5144184642,221775207,1920863,5144184642,5367880712,5267645073408,5381685720320,21.7105518337523,25.848286869139134,13.201680866710495,15.717741161560356,21.667985537312113,25.826868620671785,13.175797293341,15.704717223562142,25,68406,34,33,33,1,4,0.00019069761037826538,3.136206722818315,35.88671875,59.2109375,
sparse_u12,100,32,sparseU12_N100_seed32,ok,100,254,5.08,0,1,1,3,5,3.9858734607696533,3.9949045181274414,0.9977393558927858,2.0045212882144283,0.5011303220536071,1.0105136632919312,1.9974522590637207,ok,ok,3,48,3.9858734607696533,5798589543,248856596,2132097,5798589543,6049578236,5937755692032,6065716086016,21.42464210483313,25.56247270904003,10.68815892891694,12.75240769920202,21.3822682540157,25.54115133737537,10.66701979157449,12.741771059027624,28,119486,34,33,33,1,4,0.0007417751476168633,5.281880980357528,35.7109375,79.12890625,
sparse_u12,100,33,sparseU12_N100_seed33,ok,100,251,5.02,0,99,0,3,5,3.7595021724700928,3.996866226196289,0.9406124597890059,2.1187750804219885,0.5296937701054971,1.0021331310272217,1.9984331130981445,ok,ok,1,16,3.7595021724700928,5399103461,227880887,1947664,5399103461,5628932012,5528681944064,5645855560192,22.451185565188723,26.589354140513404,10.596304332934293,12.549399125091513,22.4094987509921,26.568381834351772,10.576629373292839,12.53950080867491,29,143242,34,33,33,1,4,0.00014242064207792282,6.450200558640063,35.7109375,83.796875,
sparse_u12,100,34,sparseU12_N100_seed34,ok,100,246,4.92,0,3,1,3,5,3.790912628173828,3.9988722801208496,0.947995425365089,2.104009149269822,0.5260022873174555,1.0002788305282593,1.9994361400604248,ok,ok,2,32,3.790912628173828,4923883282,214544776,1880595,4923883282,5140308653,5042056480768,5152384838400,21.66723178327245,25.80474489603561,10.29806918415344,12.264559260586354,21.624216160528462,25.783099243888135,10.277624585441066,12.254271447838493,26,83682,34,33,33,1,4,0.00030365586280822754,6.356284819543362,35.73046875,62.11328125,
sparse_u12,100,35,sparseU12_N100_seed35,ok,100,249,4.98,0,99,0,3,5,5.031383752822876,3.996828317642212,1.2588441016127918,1.4823117967744164,0.3705779491936041,1.000187635421753,1.998414158821106,ok,ok,1,16,5.031383752822876,5196280182,227972539,1996977,5196280182,5426249698,5320990906368,5438224072448,22.414514068922696,26.551884943987254,15.121322057678947,17.9124830563755,22.371208856933787,26.530091940293456,15.092107413308483,17.897781018827647,27,101584,34,33,33,1,4,0.00012172199785709381,4.700920193456113,35.78515625,76.10546875,
sparse_u12,100,36,sparseU12_N100_seed36,ok,100,242,4.84,0,99,0,3,5,5.625115752220154,3.989168643951416,1.4100972544114538,1.1798054911770923,0.2949513727942731,1.0124765634536743,1.994584321975708,ok,ok,1,16,5.625115752220154,4560865960,209727691,1906208,4560865960,4772499859,4670326743040,4778195310080,22.286136084019912,26.422495318709643,18.889669738513444,22.395636837007693,22.24077834595209,26.39966142931176,18.851224640226466,22.37628289301553,28,118835,34,33,33,1,4,0.0001353863626718521,4.431697209365666,35.64453125,80.546875,
sparse_u12,100,37,sparseU12_N100_seed37,ok,100,231,4.62,0,99,0,3,5,4.431646227836609,3.994980812072754,1.1093035076524675,1.781392984695065,0.4453482461737662,1.0143327713012695,1.997490406036377,ok,ok,2,32,4.431646227836609,3601428148,167246334,1561949,3601428148,3770236431,3687862423552,3773892405504,21.357256369673063,25.493392150263375,11.989076275232415,14.310931035033395,21.311449130958582,25.470332214318255,11.963361994830484,14.297986145195363,25,65871,34,32,33,1,4,0.0001332014799118042,2.3449856331571937,35.6328125,57.43359375,
sparse_u12,100,38,sparseU12_N100_seed38,ok,100,225,4.5,0,99,0,4,6,5.017267107963562,3.9681291580200195,1.2643910790613055,2.471217841877389,0.4942435683754778,1.0079008340835571,1.9840645790100098,ok,ok,3,96,5.017267107963562,96978049467,5737481759,70633402,96978049467,102786164628,397222090616832,409044781862912,24.25730430691121,29.080497565617165,9.815931196289393,11.76767870190054,24.19913820701866,29.05116847093828,9.7923937731991,11.755810426193772,26,313912,39,37,38,1,4,0.00015452038496732712,11.611731421202421,35.71875,139.3984375,
sparse_u12,100,39,sparseU12_N100_seed39,ok,100,247,4.94,0,99,0,4,6,5.331964612007141,3.995615005493164,1.3344540464175767,2.3310919071648466,0.46621838143296934,1.00273597240448,1.997807502746582,ok,ok,4,128,5.331964612007141,166618148566,9104064841,103156126,166618148566,175825369533,682467936526336,701218693193728,24.50646275972748,29.33181066356223,10.512868533584793,12.582863238213793,24.452676134596267,29.304706398515883,10.489794958078871,12.571235955324157,28,496551,40,38,39,1,4,0.00016137678176164627,18.13278247974813,35.8125,214.8203125,
sparse_u12,100,40,sparseU12_N100_seed40,ok,100,236,4.72,0,99,0,4,6,6.505028963088989,3.996799945831299,1.6275593102611496,1.7448813794777007,0.34897627589554014,1.0012792348861694,1.9983999729156494,ok,ok,1,32,6.505028963088989,125289534269,7488360821,91290055,125289534269,132869185145,513185932365824,528615576343552,25.61263091080711,30.435546682030118,14.678723271420202,17.44275974286599,25.553893169972923,30.405923433892543,14.64506038663902,17.425782515367327,26,313890,39,37,38,1,4,0.00013763736933469772,14.263992325402796,35.640625,137.3984375,
