c,lam,bk,graph_index,graph_seed,sampler_seed,L,L_contain,n_edges,opt_weight,steps,contain_count,density,mean_active,chance,chance_origL,b_st_resolved
1,0,-2.5,0,19,0,8,10,144,0.548768615816,10000,0,0.253247916667,95.2099,0.0108507264123,0.169187023799,-2.5
1,0,-2.5,0,19,1,8,10,144,0.548768615816,10000,0,0.253825694444,95.7037,0.0111008396783,0.172299756778,-2.5
1,0,-2.5,0,19,2,8,10,144,0.548768615816,10000,0,0.252598611111,95.4807,0.0105757112084,0.165747759451,-2.5
1,0,-2.5,1,23,0,9,11,129,1.8382567222,10000,0,0.278317829457,93.3215,0.00776160105991,0.10020035473,-2.5
1,0,-2.5,1,23,1,9,11,129,1.8382567222,10000,0,0.279062015504,93.7692,0.00799296648985,0.102637612008,-2.5
1,0,-2.5,1,23,2,9,11,129,1.8382567222,10000,0,0.279488372093,93.6339,0.00812832734165,0.104057574084,-2.5
1,0,-2.5,2,52,0,9,11,145,1.44176854519,10000,0,0.255986896552,96.3165,0.00309310802344,0.0472019148461,-2.5
1,0,-2.5,2,52,1,9,11,145,1.44176854519,10000,0,0.25534137931,96.5632,0.00300838351634,0.0461414034844,-2.5
1,0,-2.5,2,52,2,9,11,145,1.44176854519,10000,0,0.254693103448,96.3249,0.00292542547382,0.0450977285403,-2.5
1,0,-2.5,3,83,0,8,10,158,1.58720821142,10000,0,0.230246835443,96.302,0.0041873252775,0.0789858614447,-2.5
1,0,-2.5,3,83,1,8,10,158,1.58720821142,10000,0,0.23112278481,96.3281,0.0043493826433,0.0814220614401,-2.5
1,0,-2.5,3,83,2,8,10,158,1.58720821142,10000,0,0.231398734177,96.7537,0.00440159205334,0.0822030309964,-2.5
1,0,-2.5,4,91,0,8,10,150,0.654524138197,10000,0,0.244784666667,96.275,0.00772399707785,0.128906162759,-2.5
1,0,-2.5,4,91,1,8,10,150,0.654524138197,10000,0,0.245688666667,96.2424,0.00801403499263,0.132764201423,-2.5
1,0,-2.5,4,91,2,8,10,150,0.654524138197,10000,0,0.245708666667,96.7729,0.00802056111483,0.132850686183,-2.5
1,0,-2.5,5,118,0,8,10,124,2.08219689131,10000,0,0.276447580645,90.4321,0.0260692138854,0.341116202486,-2.5
1,0,-2.5,5,118,1,8,10,124,2.08219689131,10000,0,0.279097580645,90.5723,0.0286787830272,0.368170150137,-2.5
1,0,-2.5,5,118,2,8,10,124,2.08219689131,10000,0,0.275377419355,89.9407,0.0250774432982,0.330694221125,-2.5
1,0,-2.5,6,138,0,8,10,143,1.66435845196,10000,0,0.255711888112,95.5073,0.011953888196,0.18281311622,-2.5
1,0,-2.5,6,138,1,8,10,143,1.66435845196,10000,0,0.254774125874,95.1904,0.0115226720656,0.177518067594,-2.5
1,0,-2.5,6,138,2,8,10,143,1.66435845196,10000,0,0.252636363636,95.0667,0.0105915279397,0.165946039897,-2.5
1,0,-2.5,7,151,0,9,11,154,1.20385185885,10000,0,0.242514935065,97.7441,0.00170656715712,0.0290165920931,-2.5
1,0,-2.5,7,151,1,9,11,154,1.20385185885,10000,0,0.241567532468,97.7857,0.00163464780144,0.0280121903214,-2.5
1,0,-2.5,7,151,2,9,11,154,1.20385185885,10000,0,0.241096753247,97.5868,0.00159994473436,0.0275246786646,-2.5
2,0,-3,0,19,0,8,10,144,0.548768615816,10000,25,0.2483,90.8645,0.00890773309255,0.144482003886,-3
2,0,-3,0,19,1,8,10,144,0.548768615816,10000,0,0.247725694444,90.6888,0.00870383291362,0.141830108872,-3
2,0,-3,0,19,2,8,10,144,0.548768615816,10000,1,0.249447916667,91.2548,0.00932822067678,0.149912915118,-3
2,0,-3,1,23,0,9,11,129,1.8382567222,10000,3,0.264041085271,86.4921,0.00434897188929,0.0623797431527,-3
2,0,-3,1,23,1,9,11,129,1.8382567222,10000,0,0.265052713178,86.5607,0.00453580939301,0.0645639790126,-3
2,0,-3,1,23,2,9,11,129,1.8382567222,10000,0,0.264023255814,86.2322,0.00434574265706,0.0623418434846,-3
2,0,-3,2,52,0,9,11,145,1.44176854519,10000,0,0.24972137931,91.609,0.00235511964729,0.0377660466642,-3
2,0,-3,2,52,1,9,11,145,1.44176854519,10000,0,0.251124137931,92.3701,0.00250479996102,0.0397188010163,-3
2,0,-3,2,52,2,9,11,145,1.44176854519,10000,0,0.248072413793,91.3347,0.00218959199595,0.0355800252507,-3
2,0,-3,3,83,0,8,10,158,1.58720821142,10000,0,0.225415189873,91.7065,0.00338712934549,0.0666600177878,-3
2,0,-3,3,83,1,8,10,158,1.58720821142,10000,1,0.225059493671,91.702,0.00333405972076,0.0658231557581,-3
2,0,-3,3,83,2,8,10,158,1.58720821142,10000,1,0.223939240506,91.1153,0.00317177235555,0.0632472442615,-3
2,0,-3,4,91,0,8,10,150,0.654524138197,10000,0,0.249706,95.4159,0.00942518271595,0.151158238584,-3
2,0,-3,4,91,1,8,10,150,0.654524138197,10000,0,0.254321333333,97.1374,0.0113195175704,0.175009786238,-3
2,0,-3,4,91,2,8,10,150,0.654524138197,10000,0,0.253803333333,96.5616,0.0110910641224,0.172178362409,-3
2,0,-3,5,118,0,8,10,124,2.08219689131,10000,0,0.256772580645,81.5163,0.0124590939049,0.188968391912,-3
2,0,-3,5,118,1,8,10,124,2.08219689131,10000,0,0.25635,81.5004,0.0122555616161,0.186494734406,-3
2,0,-3,5,118,2,8,10,124,2.08219689131,10000,0,0.25607983871,81.1179,0.0121270139175,0.184928182248,-3
2,0,-3,6,138,0,8,10,143,1.66435845196,10000,0,0.246768531469,89.7,0.00837332148648,0.137504912078,-3
2,0,-3,6,138,1,8,10,143,1.66435845196,10000,0,0.248504195804,90.2382,0.00898125978483,0.145435291895,-3
2,0,-3,6,138,2,8,10,143,1.66435845196,10000,0,0.247262937063,89.5322,0.00854260324192,0.139724379277,-3
2,0,-3,7,151,0,9,11,154,1.20385185885,10000,0,0.238353896104,93.4673,0.00141073294214,0.0248313480466,-3
2,0,-3,7,151,1,9,11,154,1.20385185885,10000,0,0.240245454545,93.9804,0.00153888786506,0.0266622389272,-3
2,0,-3,7,151,2,9,11,154,1.20385185885,10000,0,0.241501298701,94.3024,0.00162972443152,0.0279431418285,-3
3,0,-3.5,0,19,0,8,10,144,0.548768615816,10000,36,0.306626388889,108.3414,0.0734675037668,0.781405074299,-3.5
3,0,-3.5,0,19,1,8,10,144,0.548768615816,10000,35,0.296209722222,105.0411,0.0519987721479,0.5926447902,-3.5
3,0,-3.5,0,19,2,8,10,144,0.548768615816,10000,54,0.294003472222,104.2058,0.0482530306216,0.558238359922,-3.5
3,0,-3.5,1,23,0,9,11,129,1.8382567222,10000,4,0.242331782946,78.407,0.00169244340107,0.0288199616527,-3.5
3,0,-3.5,1,23,1,9,11,129,1.8382567222,10000,0,0.246220930233,79.7457,0.00201639051258,0.0332601887761,-3.5
3,0,-3.5,1,23,2,9,11,129,1.8382567222,10000,16,0.24772248062,79.9849,0.00215585537433,0.0351308600729,-3.5
3,0,-3.5,2,52,0,9,11,145,1.44176854519,10000,0,0.252728965517,90.9023,0.00268661364796,0.0420625092663,-3.5
3,0,-3.5,2,52,1,9,11,145,1.44176854519,10000,10,0.255515862069,91.9371,0.00303107388468,0.046425949145,-3.5
3,0,-3.5,2,52,2,9,11,145,1.44176854519,10000,2,0.257334482759,92.4512,0.0032770105543,0.0494859451229,-3.5
3,0,-3.5,3,83,0,8,10,158,1.58720821142,10000,110,0.277253797468,108.9061,0.0268395378058,0.349156415405,-3.5
3,0,-3.5,3,83,1,8,10,158,1.58720821142,10000,16,0.269227848101,106.3402,0.0200078212901,0.276032259044,-3.5
3,0,-3.5,3,83,2,8,10,158,1.58720821142,10000,69,0.276158860759,108.7443,0.0257982248962,0.338276524173,-3.5
3,0,-3.5,4,91,0,8,10,150,0.654524138197,10000,25,0.281998666667,104.7019,0.0318031801366,0.399923053142,-3.5
3,0,-3.5,4,91,1,8,10,150,0.654524138197,10000,27,0.279178666667,104.0588,0.0287622123073,0.369026734471,-3.5
3,0,-3.5,4,91,2,8,10,150,0.654524138197,10000,11,0.285441333333,106.0843,0.035906131201,0.440691719989,-3.5
3,0,-3.5,5,118,0,8,10,124,2.08219689131,10000,1,0.232173387097,72.8326,0.00455118376942,0.0844305265149,-3.5
3,0,-3.5,5,118,1,8,10,124,2.08219689131,10000,0,0.235943548387,74.01,0.00534664150528,0.0960428087357,-3.5
3,0,-3.5,5,118,2,8,10,124,2.08219689131,10000,0,0.234906451613,73.7915,0.00511622277539,0.0927170397986,-3.5
3,0,-3.5,6,138,0,8,10,143,1.66435845196,10000,0,0.252734265734,89.6796,0.0106326440686,0.166461199879,-3.5
3,0,-3.5,6,138,1,8,10,143,1.66435845196,10000,4,0.245557342657,87.3753,0.00797130174858,0.132197547871,-3.5
3,0,-3.5,6,138,2,8,10,143,1.66435845196,10000,0,0.244706293706,87.439,0.0076993026762,0.128576356359,-3.5
3,0,-3.5,7,151,0,9,11,154,1.20385185885,10000,0,0.274736363636,105.126,0.00673096919117,0.0891754503591,-3.5
3,0,-3.5,7,151,1,9,11,154,1.20385185885,10000,0,0.281021428571,107.2603,0.00863244478184,0.109308751687,-3.5
3,0,-3.5,7,151,2,9,11,154,1.20385185885,10000,6,0.280267532468,106.799,0.00838109356658,0.10669771266,-3.5
