family,size,seed,L,E,margin_c1,observed_c,predicted_c,abs_err,rel_err
dense,20,1,3,76,3.606201,4.303795,4.022715,0.28108,0.06531
dense,20,2,3,73,3.436535,4.503527,4.085771,0.417757,0.092762
dense,20,3,3,73,3.625574,4.315386,3.872737,0.442649,0.102575
dense,20,4,3,57,2.827128,5.325957,3.954277,1.37168,0.257546
dense,20,5,3,68,3.451225,4.452046,3.830591,0.621455,0.139589
dense,20,6,3,74,3.336,4.899453,4.256074,0.643379,0.131317
dense,20,7,3,73,3.424994,4.515811,4.099538,0.416273,0.092181
dense,20,8,3,76,3.341031,4.760777,4.34199,0.418787,0.087966
dense,20,9,3,64,3.56177,4.237028,3.51483,0.722197,0.170449
dense,20,10,3,71,3.329863,4.694186,4.120164,0.574022,0.122284
dense,20,11,3,84,3.250868,4.934835,4.818509,0.116326,0.023573
dense,20,12,3,81,3.613199,4.313777,4.21889,0.094887,0.021996
dense,20,13,6,65,6.459023,1.970362,3.029086,1.058724,0.537325
dense,20,14,7,75,7.290521,1.649029,3.224595,1.575565,0.95545
dense,20,15,4,65,4.249462,3.643775,3.526848,0.116927,0.03209
dense,20,16,4,72,4.433182,3.539112,3.647542,0.10843,0.030638
dense,20,17,3,70,3.743117,4.077309,3.621451,0.455858,0.111804
dense,20,18,3,75,3.532559,4.516366,4.063207,0.453158,0.100337
dense,20,19,4,79,4.505177,3.603082,3.827458,0.224376,0.062273
dense,20,20,3,82,3.39926,4.523598,4.526164,0.002567,0.000567
dense,20,21,5,71,5.409213,2.72788,3.382619,0.654739,0.240018
dense,20,22,3,71,3.546653,4.412862,3.868318,0.544544,0.123399
dense,20,23,5,70,4.871392,3.114812,3.722394,0.607582,0.195062
dense,20,24,3,71,3.527097,4.426271,3.889766,0.536506,0.121209
dense,20,25,3,81,3.450618,4.493828,4.417669,0.076159,0.016948
dense,20,26,3,78,3.841105,4.017234,3.854924,0.16231,0.040403
dense,20,27,3,69,3.062487,5.010546,4.371966,0.63858,0.127447
dense,20,28,3,64,3.477327,4.608437,3.600184,1.008252,0.218784
dense,20,29,3,78,3.665793,4.272945,4.039281,0.233665,0.054685
dense,20,30,5,69,5.643779,2.59861,3.183473,0.584863,0.225068
dense,20,31,3,69,3.217235,4.931625,4.161676,0.769949,0.156125
dense,20,32,3,77,3.659095,4.449456,4.005886,0.44357,0.099691
dense,20,33,4,72,4.524332,3.442423,3.574056,0.131633,0.038239
dense,20,34,3,72,3.61698,4.320824,3.83783,0.482995,0.111783
dense,20,35,3,77,3.578133,4.274415,4.096528,0.177887,0.041617
dense,20,36,3,73,3.623122,4.308474,3.875358,0.433116,0.100527
dense,20,37,3,85,3.576129,4.470937,4.418525,0.052411,0.011723
dense,20,38,3,80,3.190352,5.00927,4.733022,0.276248,0.055147
dense,20,39,6,77,6.529305,2.163888,3.296601,1.132712,0.523462
dense,20,40,3,79,3.755428,4.163616,3.982106,0.18151,0.043594
dense,30,1,3,116,3.555024,5.409725,5.456416,0.046691,0.008631
dense,30,2,3,119,3.560479,5.315173,5.531004,0.215831,0.040607
dense,30,3,3,112,3.736831,4.945716,5.08233,0.136615,0.027623
dense,30,4,3,98,3.317181,6.286908,5.259682,1.027227,0.163391
dense,30,5,6,113,6.494347,3.148305,3.997509,0.849204,0.269734
dense,30,6,3,111,3.262514,5.631014,5.789422,0.158408,0.028131
dense,30,7,3,119,2.477229,8.153719,7.949617,0.204102,0.025032
dense,30,8,5,111,5.180522,3.929769,4.529621,0.599852,0.152643
dense,30,9,3,112,3.258215,5.85673,5.8289,0.027829,0.004752
dense,30,10,3,114,3.305774,5.884096,5.806969,0.077126,0.013108
dense,30,11,4,126,4.455132,4.579092,5.082456,0.503364,0.109927
dense,30,12,4,122,4.350483,4.585047,5.118941,0.533894,0.116442
dense,30,13,3,111,3.710361,5.106946,5.090629,0.016317,0.003195
dense,30,14,8,110,8.330919,2.42479,3.628377,1.203587,0.496368
dense,30,15,3,94,3.356195,5.721805,5.054924,0.666881,0.116551
dense,30,16,5,113,5.736238,3.524761,4.126807,0.602047,0.170805
dense,30,17,3,108,3.717373,4.990163,4.995776,0.005613,0.001125
dense,30,18,3,121,3.770393,4.999886,5.274198,0.274312,0.054864
dense,30,19,3,117,3.534504,5.347788,5.516184,0.168396,0.031489
dense,30,20,4,114,4.657892,4.317977,4.612686,0.294709,0.068252
dense,30,21,3,107,3.50243,5.262582,5.271645,0.009063,0.001722
dense,30,22,4,124,4.562098,4.403392,4.922722,0.51933,0.117939
dense,30,23,3,98,3.189082,5.722566,5.470953,0.251613,0.043969
dense,30,24,3,111,3.373066,5.607767,5.599675,0.008092,0.001443
dense,30,25,3,104,3.384152,5.542258,5.358694,0.183563,0.033121
dense,30,26,6,102,6.621288,3.092,3.741965,0.649966,0.210209
dense,30,27,3,104,3.611635,5.082709,5.021171,0.061538,0.012107
dense,30,28,4,110,4.34778,4.556847,4.846671,0.289824,0.063602
dense,30,29,3,103,3.205281,6.009852,5.622872,0.38698,0.064391
dense,30,30,3,110,3.668938,5.063523,5.119574,0.05605,0.011069
dense,30,31,3,107,3.340225,5.538858,5.527642,0.011217,0.002025
dense,30,32,3,121,3.503427,5.646725,5.6761,0.029375,0.005202
dense,30,33,4,114,4.696179,4.210041,4.57508,0.365038,0.086707
dense,30,34,3,99,3.735398,4.936418,4.702243,0.234175,0.047438
dense,30,35,3,117,3.517011,5.256383,5.543621,0.287238,0.054646
dense,30,36,3,106,3.736603,5.305861,4.912204,0.393656,0.074193
dense,30,37,5,120,5.626064,3.684863,4.331188,0.646325,0.1754
dense,30,38,3,116,3.452214,5.758545,5.618913,0.139632,0.024248
dense,30,39,3,114,3.555937,5.263518,5.398445,0.134926,0.025634
dense,30,40,3,117,3.640309,5.075727,5.355858,0.280131,0.05519
dense,40,1,4,149,4.287107,5.27382,5.734006,0.460186,0.087259
dense,40,2,3,153,3.338713,6.443132,6.769029,0.325897,0.050581
dense,40,3,3,162,3.239693,6.826028,7.179993,0.353965,0.051855
dense,40,4,3,149,3.184945,6.879822,6.999629,0.119807,0.017414
dense,40,5,3,164,3.509558,6.224398,6.668331,0.443933,0.071321
dense,40,6,4,151,4.30323,5.141151,5.748361,0.607211,0.118108
dense,40,7,5,144,5.111217,4.61402,5.18005,0.56603,0.122676
dense,40,8,4,146,4.529931,4.936827,5.374705,0.437877,0.088696
dense,40,9,3,150,3.326087,6.268932,6.725862,0.456929,0.072888
dense,40,10,6,155,6.310206,3.850038,4.693453,0.843416,0.219067
dense,40,11,5,168,5.619466,4.293275,5.028831,0.735556,0.171328
dense,40,12,3,168,3.647986,5.717238,6.491697,0.774458,0.13546
dense,40,13,5,158,5.660893,4.256778,4.866638,0.60986,0.143268
dense,40,14,3,150,3.289858,6.428537,6.799929,0.371392,0.057772
dense,40,15,3,142,3.718137,5.821532,5.84617,0.024638,0.004232
dense,40,16,5,165,5.428872,4.501126,5.166992,0.665866,0.147933
dense,40,17,6,151,6.410424,3.84397,4.572903,0.728933,0.18963
dense,40,18,3,155,3.66665,5.65635,6.204592,0.548242,0.096925
dense,40,19,7,155,7.596559,3.386479,4.199996,0.813517,0.240225
dense,40,20,3,160,3.306892,6.824435,6.990639,0.166205,0.024354
dense,40,21,5,154,5.120509,4.875001,5.322309,0.447308,0.091755
dense,40,22,3,172,3.427737,6.338031,6.98822,0.650188,0.102585
dense,40,23,3,144,3.594383,5.825711,6.092459,0.266749,0.045788
dense,40,24,3,144,3.268603,6.523247,6.699692,0.176445,0.027049
dense,40,25,3,145,3.605117,5.643069,6.096523,0.453455,0.080356
dense,40,26,5,139,5.441556,4.50196,4.79047,0.28851,0.064085
dense,40,27,4,153,4.254123,5.346305,5.850492,0.504187,0.094306
dense,40,28,3,150,3.703778,5.593824,6.039995,0.446171,0.079761
dense,40,29,3,139,3.138442,6.734133,6.847308,0.113175,0.016806
dense,40,30,3,135,3.153003,6.534859,6.708572,0.173714,0.026583
dense,40,31,4,158,4.39154,5.061788,5.752119,0.690331,0.136381
dense,40,32,5,145,5.143117,4.599068,5.163485,0.564417,0.122724
dense,40,33,3,145,3.525891,6.025838,6.23351,0.207672,0.034464
dense,40,34,3,133,3.126903,6.661134,6.709358,0.048225,0.00724
dense,40,35,3,159,3.399671,6.239534,6.778529,0.538995,0.086384
dense,40,36,3,126,3.286646,6.632621,6.192983,0.439638,0.066284
dense,40,37,3,164,3.334872,6.443419,7.017629,0.57421,0.089116
dense,40,38,3,154,3.521065,6.355341,6.439871,0.084529,0.013301
dense,40,39,4,160,4.307361,5.515062,5.89831,0.383248,0.069491
dense,40,40,6,165,6.66364,3.677702,4.553036,0.875335,0.238011
dense,60,1,4,223,3.983864,6.675301,7.341164,0.665863,0.09975
dense,60,2,3,217,3.587722,6.62403,7.425845,0.801816,0.121046
dense,60,3,5,247,5.552965,4.981845,5.89187,0.910026,0.182668
dense,60,4,3,232,3.406116,7.196523,8.04875,0.852227,0.118422
dense,60,5,4,246,4.363967,6.139878,6.961914,0.822036,0.133885
dense,60,6,3,210,3.749465,6.402322,7.00436,0.602038,0.094034
dense,60,7,3,233,3.191655,7.468165,8.605165,1.137,0.152246
dense,60,8,3,226,3.188282,7.577456,8.503608,0.926152,0.122225
dense,60,9,3,200,3.619272,6.374622,7.100399,0.725777,0.113854
dense,60,10,4,240,4.331451,6.387266,6.94824,0.560973,0.087827
dense,60,11,4,240,4.515657,5.780398,6.664802,0.884404,0.153
dense,60,12,3,237,2.878163,8.35837,9.610854,1.252485,0.149848
dense,60,13,5,252,5.289514,5.255279,6.229145,0.973866,0.185312
dense,60,14,3,239,3.764398,6.260444,7.374035,1.113592,0.177877
dense,60,15,5,214,5.160831,5.298101,6.018135,0.720033,0.135904
dense,60,16,6,246,6.52585,4.434523,5.357048,0.922524,0.208032
dense,60,17,3,217,3.437342,6.97082,7.750718,0.779898,0.11188
dense,60,18,6,242,6.185182,4.875793,5.621448,0.745655,0.15293
dense,60,19,3,232,3.638556,6.515322,7.534576,1.019253,0.156439
dense,60,20,6,249,6.583278,4.462507,5.331614,0.869107,0.194758
dense,60,21,3,242,3.309025,7.035225,8.432419,1.397194,0.1986
dense,60,22,3,254,3.533088,6.904931,8.056087,1.151156,0.166715
dense,60,23,5,221,5.037465,5.560761,6.239421,0.67866,0.122044
dense,60,24,3,237,3.538234,6.802199,7.817913,1.015714,0.149321
dense,60,25,4,234,4.421486,5.789799,6.740522,0.950723,0.164206
dense,60,26,3,241,3.547581,6.958861,7.851882,0.893021,0.128329
dense,60,27,3,236,3.622547,6.373215,7.622454,1.249238,0.196014
dense,60,29,5,216,5.479502,5.020401,5.687775,0.667374,0.132932
dense,60,30,3,220,2.792859,8.683383,9.596145,0.912761,0.105116
dense,60,31,3,230,3.895563,6.067426,7.01178,0.944354,0.155643
dense,60,32,3,240,3.17439,7.645665,8.759824,1.114159,0.145724
dense,60,33,5,250,5.494782,5.055073,5.979671,0.924598,0.182905
dense,60,34,3,237,2.933535,8.204643,9.429445,1.224802,0.149282
dense,60,35,3,235,3.477361,7.150065,7.92658,0.776515,0.108603
dense,60,36,3,209,3.158327,7.468173,8.297873,0.8297,0.111098
dense,60,37,6,227,5.967923,4.87292,5.702078,0.829158,0.170156
dense,60,38,5,234,5.632835,4.797235,5.697306,0.900071,0.187623
dense,60,39,3,254,3.971922,6.286748,7.166017,0.879269,0.139861
dense,60,40,3,245,3.799626,6.287681,7.381145,1.093464,0.173906
dense,80,1,4,315,4.445905,6.277939,7.47683,1.19889,0.190969
dense,80,6,4,290,4.493631,6.276657,7.184574,0.907917,0.14465
dense,80,7,4,316,4.426039,6.39558,7.518673,1.123094,0.175605
dense,80,8,3,291,3.057738,8.115772,9.822874,1.707102,0.210344
dense,80,9,3,283,3.136121,8.118864,9.474554,1.355689,0.16698
dense,80,10,3,305,3.180692,8.633011,9.614031,0.98102,0.113636
dense,80,13,3,324,3.636244,7.187733,8.601803,1.414069,0.196734
dense,80,15,4,301,4.388135,6.442112,7.455432,1.01332,0.157296
dense,80,16,4,294,4.496813,6.138434,7.214726,1.076292,0.175337
dense,80,19,3,331,3.646605,7.102815,8.645161,1.542346,0.217146
dense,80,24,3,322,3.436903,7.544681,9.079871,1.53519,0.20348
dense,80,25,3,296,3.340062,8.176077,9.051577,0.875499,0.107081
dense,80,27,4,322,4.428378,6.337562,7.56383,1.226267,0.193492
dense,80,28,4,310,4.33767,6.587769,7.620729,1.03296,0.1568
dense,80,30,3,309,3.055302,9.007028,10.057919,1.050891,0.116675
dense,80,32,4,311,4.517091,6.247838,7.326277,1.078439,0.17261
dense,80,33,3,343,3.492693,7.271645,9.144059,1.872414,0.257495
dense,80,34,3,332,3.775645,6.956466,8.358937,1.402471,0.201607
dense,80,36,4,308,4.472578,6.208072,7.374124,1.166051,0.187828
dense,80,37,3,306,3.526864,7.164945,8.68112,1.516176,0.21161
dense,80,38,3,302,3.863712,6.631512,7.884889,1.253377,0.189003
dense,80,39,4,336,4.231467,6.868042,8.032147,1.164105,0.169496
dense,80,40,4,319,4.526527,6.302979,7.375904,1.072926,0.170225
grid,4,1,6,24,1.707037,4.881718,4.710417,0.171301,0.03509
grid,4,2,6,24,1.730424,4.815739,4.646754,0.168986,0.03509
grid,4,3,6,24,1.863223,4.472503,4.315562,0.156941,0.03509
grid,4,4,6,24,1.702702,4.894144,4.722407,0.171737,0.03509
grid,4,5,6,24,1.794541,4.643678,4.480731,0.162948,0.03509
grid,4,6,6,24,1.863902,4.470874,4.31399,0.156884,0.03509
grid,4,7,6,24,1.74386,4.778635,4.610952,0.167684,0.03509
grid,4,8,6,24,1.756061,4.745434,4.578916,0.166518,0.03509
grid,4,9,6,24,1.748877,4.764926,4.597724,0.167202,0.03509
grid,4,10,6,24,1.774318,4.696605,4.5318,0.164805,0.03509
grid,4,11,6,24,1.764818,4.721887,4.556195,0.165692,0.03509
grid,4,12,6,24,1.803295,4.621137,4.45898,0.162157,0.03509
grid,4,13,6,24,1.644084,5.068641,4.890781,0.17786,0.03509
grid,4,14,6,24,1.734606,4.80413,4.635552,0.168578,0.03509
grid,4,15,6,24,1.665065,5.004771,4.829152,0.175619,0.03509
grid,4,16,6,24,1.880023,4.432536,4.276997,0.155539,0.03509
grid,4,17,6,24,1.98912,4.189425,4.042417,0.147008,0.03509
grid,4,18,6,24,1.736811,4.79803,4.629666,0.168364,0.03509
grid,4,19,6,24,1.63341,5.101763,4.922741,0.179022,0.03509
grid,4,20,6,24,1.98656,4.194824,4.047627,0.147197,0.03509
grid,4,21,6,24,1.897028,4.392803,4.238658,0.154145,0.03509
grid,4,22,6,24,1.957709,4.256644,4.107277,0.149367,0.03509
grid,4,23,6,24,1.64605,5.062586,4.884938,0.177647,0.03509
grid,4,24,6,24,1.781991,4.676382,4.512287,0.164095,0.03509
grid,4,25,6,24,1.88668,4.416897,4.261907,0.15499,0.03509
grid,4,26,6,24,1.824792,4.566695,4.406449,0.160246,0.03509
grid,4,27,6,24,1.831256,4.550575,4.390895,0.159681,0.03509
grid,4,28,6,24,1.758623,4.738521,4.572245,0.166276,0.03509
grid,4,29,6,24,1.82133,4.575377,4.414825,0.160551,0.03509
grid,4,30,6,24,1.766929,4.716245,4.550751,0.165494,0.03509
grid,4,31,6,24,1.775992,4.692177,4.527528,0.16465,0.03509
grid,4,32,6,24,1.8875,4.414978,4.260056,0.154923,0.03509
grid,4,33,6,24,1.735444,4.801808,4.633312,0.168497,0.03509
grid,4,34,6,24,1.823128,4.570865,4.410472,0.160393,0.03509
grid,4,35,6,24,1.831359,4.550319,4.390647,0.159672,0.03509
grid,4,36,6,24,1.765889,4.719022,4.55343,0.165592,0.03509
grid,4,37,6,24,1.862521,4.47419,4.317189,0.157,0.03509
grid,4,38,6,24,1.725547,4.829349,4.659886,0.169463,0.03509
grid,4,39,6,24,1.740124,4.788895,4.620851,0.168044,0.03509
grid,4,40,6,24,1.777105,4.689238,4.524691,0.164547,0.03509
grid,5,1,8,40,1.990757,8.198155,9.306531,1.108375,0.135198
grid,5,2,8,40,1.951457,8.363255,9.493952,1.130697,0.135198
grid,5,3,8,40,2.241457,7.281218,8.265625,0.984407,0.135198
grid,5,4,8,40,1.893751,8.618102,9.783253,1.165151,0.135198
grid,5,5,8,40,2.083154,7.83453,8.893744,1.059214,0.135198
grid,5,6,8,40,2.148351,7.596772,8.623842,1.02707,0.135198
grid,5,7,8,40,2.192884,7.442497,8.448709,1.006212,0.135198
grid,5,8,8,40,2.219536,7.353128,8.347258,0.994129,0.135198
grid,5,9,8,40,2.095347,7.78894,8.841991,1.05305,0.135198
grid,5,10,8,40,2.02703,8.051454,9.139996,1.088542,0.135198
grid,5,11,8,40,2.158361,7.561541,8.583847,1.022306,0.135198
grid,5,12,8,40,1.954877,8.348624,9.477342,1.128718,0.135198
grid,5,13,8,40,2.117417,7.707758,8.749832,1.042075,0.135198
grid,5,14,8,40,1.951769,8.361919,9.492435,1.130516,0.135198
grid,5,15,8,40,2.041113,7.995898,9.076929,1.081031,0.135198
grid,5,16,8,40,1.940319,8.411264,9.548451,1.137187,0.135198
grid,5,17,8,40,2.105121,7.752777,8.800939,1.048161,0.135198
grid,5,18,8,40,1.993868,8.185365,9.292012,1.106646,0.135198
grid,5,19,8,40,2.043846,7.98521,9.064795,1.079586,0.135198
grid,5,20,8,40,2.199016,7.421746,8.425152,1.003406,0.135198
grid,5,21,8,40,2.017055,8.091269,9.185193,1.093925,0.135198
grid,5,22,8,40,2.106967,7.745986,8.793228,1.047243,0.135198
grid,5,23,8,40,2.038979,8.004269,9.086431,1.082162,0.135198
grid,5,24,8,40,1.953147,8.356019,9.485738,1.129718,0.135198
grid,5,25,8,40,2.0969,7.783172,8.835443,1.05227,0.135198
grid,5,26,8,40,1.949067,8.373511,9.505594,1.132083,0.135198
grid,5,27,8,40,2.078491,7.852109,8.9137,1.061591,0.135198
grid,5,28,8,40,1.980897,8.238961,9.352853,1.113892,0.135198
grid,5,29,8,40,1.963211,8.313187,9.437114,1.123927,0.135198
grid,5,30,8,40,2.165216,7.537602,8.556672,1.01907,0.135198
grid,5,31,8,40,1.957008,8.339535,9.467025,1.12749,0.135198
grid,5,32,8,40,2.060311,7.921395,8.992353,1.070958,0.135198
grid,5,33,8,40,1.995025,8.180616,9.28662,1.106004,0.135198
grid,5,34,8,40,2.069634,7.885711,8.951845,1.066134,0.135198
grid,5,35,8,40,2.184677,7.470456,8.480447,1.009992,0.135198
grid,5,36,8,40,2.129477,7.664105,8.700278,1.036173,0.135198
grid,5,37,8,40,2.245938,7.26669,8.249133,0.982443,0.135198
grid,5,38,8,40,2.0692,7.887363,8.95372,1.066357,0.135198
grid,5,39,8,40,2.105754,7.750446,8.798292,1.047846,0.135198
grid,5,40,8,40,2.126038,7.676503,8.714351,1.037849,0.135198
grid,6,1,10,60,2.400296,10.083145,11.579646,1.496501,0.148416
grid,6,2,10,60,2.266535,10.678207,12.263025,1.584818,0.148416
grid,6,3,10,60,2.386774,10.140268,11.645247,1.504979,0.148416
grid,6,4,10,60,2.188916,11.056856,12.697872,1.641016,0.148416
grid,6,5,10,60,2.381496,10.162744,11.671059,1.508315,0.148416
grid,6,6,10,60,2.402494,10.073922,11.569054,1.495133,0.148416
grid,6,7,10,60,2.471541,9.792488,11.245852,1.453363,0.148416
grid,6,8,10,60,2.39136,10.120823,11.622916,1.502093,0.148416
grid,6,9,10,60,2.372976,10.19923,11.71296,1.51373,0.148416
grid,6,10,10,60,2.211974,10.9416,12.565509,1.62391,0.148416
grid,6,11,10,60,2.651634,9.127403,10.482057,1.354654,0.148416
grid,6,12,10,60,2.288427,10.576055,12.145712,1.569657,0.148416
grid,6,13,10,60,2.252678,10.743893,12.33846,1.594567,0.148416
grid,6,14,10,60,2.515996,9.619462,11.047146,1.427683,0.148416
grid,6,15,10,60,2.277014,10.629066,12.206591,1.577525,0.148416
grid,6,16,10,60,2.4147,10.022996,11.51057,1.487574,0.148416
grid,6,17,10,60,2.536596,9.541341,10.95743,1.416089,0.148416
grid,6,18,10,60,2.30142,10.516348,12.077144,1.560796,0.148416
grid,6,19,10,60,2.289614,10.570575,12.139419,1.568844,0.148416
grid,6,20,10,60,2.458033,9.8463,11.30765,1.46135,0.148416
grid,6,21,10,60,2.450099,9.878184,11.344265,1.466082,0.148416
grid,6,22,10,60,2.258183,10.717699,12.308379,1.59068,0.148416
grid,6,23,10,60,2.345683,10.317905,11.849248,1.531344,0.148416
grid,6,24,10,60,2.424101,9.984127,11.465933,1.481806,0.148416
grid,6,25,10,60,2.381218,10.163928,11.672419,1.508491,0.148416
grid,6,26,10,60,2.297331,10.535065,12.098639,1.563574,0.148416
grid,6,27,10,60,2.51245,9.63304,11.062738,1.429699,0.148416
grid,6,28,10,60,2.353638,10.283033,11.809201,1.526168,0.148416
grid,6,29,10,60,2.63298,9.192067,10.556318,1.364251,0.148416
grid,6,30,10,60,2.323243,10.417563,11.963698,1.546135,0.148416
grid,6,31,10,60,2.32209,10.422738,11.96964,1.546902,0.148416
grid,6,32,10,60,2.376368,10.184674,11.696244,1.51157,0.148416
grid,6,33,10,60,2.22455,10.879741,12.49447,1.614729,0.148416
grid,6,34,10,60,2.316949,10.445865,11.9962,1.550335,0.148416
grid,6,35,10,60,2.380807,10.165686,11.674437,1.508752,0.148416
grid,6,36,10,60,2.306732,10.492131,12.049333,1.557202,0.148416
grid,6,37,10,60,2.446531,9.89259,11.36081,1.46822,0.148416
grid,6,38,10,60,2.530377,9.564794,10.984363,1.41957,0.148416
grid,6,39,10,60,2.345303,10.319574,11.851166,1.531591,0.148416
grid,6,40,10,60,2.481284,9.754034,11.20169,1.447656,0.148416
grid,7,1,12,84,2.633846,12.241126,13.768499,1.527374,0.124774
grid,7,2,12,84,2.636353,12.229486,13.755407,1.525921,0.124774
grid,7,3,12,84,2.5472,12.65752,14.236849,1.579329,0.124774
grid,7,4,12,84,2.464794,13.080706,14.712838,1.632132,0.124774
grid,7,5,12,84,2.621109,12.30061,13.835406,1.534796,0.124774
grid,7,6,12,84,2.641178,12.207147,13.730281,1.523134,0.124774
grid,7,7,12,84,2.588364,12.456222,14.010434,1.554212,0.124774
grid,7,8,12,84,2.69214,11.976064,13.470365,1.494301,0.124774
grid,7,9,12,84,2.451542,13.151413,14.792367,1.640954,0.124774
grid,7,10,12,84,2.542434,12.681249,14.263538,1.58229,0.124774
grid,7,11,12,84,2.784664,11.578144,13.022795,1.444651,0.124774
grid,7,12,12,84,2.676693,12.045177,13.548101,1.502924,0.124774
grid,7,13,12,84,2.529123,12.747991,14.338608,1.590617,0.124774
grid,7,14,12,84,2.883708,11.180482,12.575515,1.395033,0.124774
grid,7,15,12,84,2.645175,12.188699,13.709532,1.520832,0.124774
grid,7,16,12,84,2.760664,11.678801,13.136012,1.45721,0.124774
grid,7,17,12,84,2.694793,11.964275,13.457105,1.49283,0.124774
grid,7,18,12,84,2.558393,12.602146,14.174565,1.57242,0.124774
grid,7,19,12,84,2.639022,12.217116,13.741494,1.524378,0.124774
grid,7,20,12,84,2.7155,11.873041,13.354488,1.481446,0.124774
grid,7,21,12,84,2.595476,12.422091,13.972045,1.549954,0.124774
grid,7,22,12,84,2.365343,13.630681,15.331435,1.700754,0.124774
grid,7,23,12,84,2.531172,12.737673,14.327003,1.58933,0.124774
grid,7,24,12,84,2.671241,12.069763,13.575755,1.505992,0.124774
grid,7,25,12,84,2.862711,11.262485,12.667749,1.405265,0.124774
grid,7,26,12,84,2.762233,11.672168,13.12855,1.456383,0.124774
grid,7,27,12,84,2.607343,12.365554,13.908454,1.542899,0.124774
grid,7,28,12,84,2.492806,12.933714,14.547504,1.613791,0.124774
grid,7,29,12,84,2.729062,11.814039,13.288123,1.474084,0.124774
grid,7,30,12,84,2.514685,12.821186,14.420936,1.59975,0.124774
grid,7,31,12,84,2.690131,11.985008,13.480425,1.495417,0.124774
grid,7,32,12,84,2.831641,11.386061,12.806745,1.420684,0.124774
grid,7,33,12,84,2.590138,12.447694,14.000842,1.553148,0.124774
grid,7,34,12,84,2.687055,11.998727,13.495856,1.497129,0.124774
grid,7,35,12,84,2.760942,11.677623,13.134686,1.457063,0.124774
grid,7,36,12,84,2.643552,12.196182,13.717948,1.521766,0.124774
grid,7,37,12,84,2.684092,12.011973,13.510754,1.498781,0.124774
grid,7,38,12,84,2.799495,11.516805,12.953802,1.436997,0.124774
grid,7,39,12,84,2.703,11.927946,13.416243,1.488297,0.124774
grid,7,40,12,84,2.442336,13.200984,14.848123,1.647139,0.124774
grid,8,1,14,112,2.902941,13.942737,15.215368,1.272631,0.091276
grid,8,2,14,112,3.03715,13.326616,14.54301,1.216394,0.091276
grid,8,3,14,112,3.087711,13.108396,14.304872,1.196476,0.091276
grid,8,4,14,112,2.68776,15.058984,16.433501,1.374517,0.091276
grid,8,5,14,112,2.954499,13.699425,14.949848,1.250422,0.091276
grid,8,6,14,112,2.789392,14.510306,15.834742,1.324436,0.091276
grid,8,7,14,112,2.765895,14.633577,15.969264,1.335688,0.091276
grid,8,8,14,112,2.980201,13.581279,14.820917,1.239638,0.091276
grid,8,9,14,112,3.084696,13.121206,14.318851,1.197645,0.091276
grid,8,10,14,112,3.053131,13.256864,14.466891,1.210027,0.091276
grid,8,11,14,112,3.104509,13.037466,14.227468,1.190002,0.091276
grid,8,12,14,112,2.895577,13.978194,15.254061,1.275867,0.091276
grid,8,13,14,112,2.678985,15.10831,16.487329,1.379019,0.091276
grid,8,14,14,112,2.976567,13.59786,14.839012,1.241152,0.091276
grid,8,15,14,112,2.81134,14.397026,15.711122,1.314096,0.091276
grid,8,16,14,112,3.006551,13.462247,14.691021,1.228774,0.091276
grid,8,17,14,112,3.005981,13.464803,14.69381,1.229007,0.091276
grid,8,18,14,112,3.010251,13.445702,14.672966,1.227264,0.091276
grid,8,19,14,112,3.076294,13.157043,14.357959,1.200916,0.091276
grid,8,20,14,112,3.177886,12.736433,13.898958,1.162525,0.091276
grid,8,21,14,112,2.942221,13.756595,15.012236,1.255641,0.091276
grid,8,22,14,112,2.777595,14.571937,15.901998,1.330061,0.091276
grid,8,23,14,112,2.966867,13.642314,14.887524,1.245209,0.091276
grid,8,24,14,112,2.895126,13.980374,15.25644,1.276066,0.091276
grid,8,25,14,112,3.010699,13.443702,14.670783,1.227081,0.091276
grid,8,26,14,112,3.05924,13.230388,14.437999,1.207611,0.091276
grid,8,27,14,112,3.116262,12.988297,14.17381,1.185514,0.091276
grid,8,28,14,112,2.964397,13.653683,14.89993,1.246247,0.091276
grid,8,29,14,112,3.101627,13.049583,14.240691,1.191108,0.091276
grid,8,30,14,112,2.957006,13.687809,14.937171,1.249362,0.091276
grid,8,31,14,112,3.209771,12.609914,13.760891,1.150977,0.091276
grid,8,32,14,112,2.963846,13.656222,14.902701,1.246479,0.091276
grid,8,33,14,112,3.057704,13.237034,14.445251,1.208217,0.091276
grid,8,34,14,112,2.974814,13.605871,14.847754,1.241883,0.091276
grid,8,35,14,112,3.087278,13.110234,14.306878,1.196644,0.091276
grid,8,36,14,112,3.012008,13.437858,14.664406,1.226548,0.091276
grid,8,37,14,112,2.933375,13.798076,15.057503,1.259427,0.091276
grid,8,38,14,112,2.985145,13.558785,14.79637,1.237585,0.091276
grid,8,39,14,112,2.88143,14.046823,15.328954,1.282131,0.091276
grid,8,40,14,112,3.101964,13.048163,14.239142,1.190978,0.091276
grid,9,1,16,144,3.325736,14.705063,15.53156,0.826497,0.056205
grid,9,2,16,144,3.283148,14.89581,15.733028,0.837218,0.056205
grid,9,3,16,144,3.259468,15.004028,15.847329,0.8433,0.056205
grid,9,4,16,144,3.086078,15.847025,16.737706,0.890681,0.056205
grid,9,5,16,144,3.313346,14.76005,15.589638,0.829588,0.056205
grid,9,6,16,144,3.300513,14.81744,15.650253,0.832813,0.056205
grid,9,7,16,144,3.301125,14.814692,15.64735,0.832659,0.056205
grid,9,8,16,144,3.180367,15.377204,16.241479,0.864275,0.056205
grid,9,9,16,144,3.302392,14.809007,15.641346,0.832339,0.056205
grid,9,10,16,144,3.090532,15.824186,16.713583,0.889397,0.056205
grid,9,11,16,144,3.289096,14.868872,15.704576,0.835704,0.056205
grid,9,12,16,144,3.172842,15.413675,16.279999,0.866324,0.056205
grid,9,13,16,144,3.206186,15.253374,16.110689,0.857315,0.056205
grid,9,14,16,144,3.60602,13.562087,14.324343,0.762256,0.056205
grid,9,15,16,144,3.148126,15.534686,16.407812,0.873126,0.056205
grid,9,16,16,144,3.35614,14.571845,15.390854,0.819009,0.056205
grid,9,17,16,144,3.307938,14.78418,15.615124,0.830944,0.056205
grid,9,18,16,144,3.189039,15.335389,16.197313,0.861924,0.056205
grid,9,19,16,144,3.43392,14.241786,15.042245,0.800459,0.056205
grid,9,20,16,144,3.198854,15.288337,16.147617,0.85928,0.056205
grid,9,21,16,144,3.166403,15.445018,16.313104,0.868086,0.056205
grid,9,22,16,144,3.298558,14.826219,15.659526,0.833307,0.056205
grid,9,23,16,144,3.390926,14.422361,15.232968,0.810608,0.056205
grid,9,24,16,144,3.387376,14.437472,15.248929,0.811457,0.056205
grid,9,25,16,144,3.327168,14.698732,15.524873,0.826141,0.056205
grid,9,26,16,144,3.230264,15.139676,15.9906,0.850924,0.056205
grid,9,27,16,144,3.241439,15.08748,15.935471,0.847991,0.056205
grid,9,28,16,144,2.984911,16.384124,17.304993,0.920869,0.056205
grid,9,29,16,144,3.297786,14.829691,15.663193,0.833502,0.056205
grid,9,30,16,144,3.196604,15.299098,16.158983,0.859885,0.056205
grid,9,31,16,144,3.119896,15.675251,16.556277,0.881026,0.056205
grid,9,32,16,144,3.283193,14.895607,15.732813,0.837206,0.056205
grid,9,33,16,144,3.304652,14.798881,15.630651,0.83177,0.056205
grid,9,34,16,144,3.329239,14.689591,15.515218,0.825627,0.056205
grid,9,35,16,144,3.264675,14.980098,15.822054,0.841955,0.056205
grid,9,36,16,144,3.150289,15.524021,16.396547,0.872526,0.056205
grid,9,37,16,144,3.153258,15.509403,16.381108,0.871705,0.056205
grid,9,38,16,144,3.276563,14.925746,15.764647,0.8389,0.056205
grid,9,39,16,144,3.222158,15.177766,16.030831,0.853065,0.056205
grid,9,40,16,144,3.245729,15.06754,15.91441,0.84687,0.056205
grid,10,1,18,180,3.320336,17.3245,17.712841,0.388341,0.022416
grid,10,2,18,180,3.575544,16.087947,16.44857,0.360623,0.022416
grid,10,3,18,180,3.698564,15.552835,15.901463,0.348628,0.022416
grid,10,4,18,180,3.187358,18.047284,18.451827,0.404543,0.022416
grid,10,5,18,180,3.597316,15.990575,16.349015,0.35844,0.022416
grid,10,6,18,180,3.345516,17.194106,17.579524,0.385418,0.022416
grid,10,7,18,180,3.447591,16.685027,17.059034,0.374007,0.022416
grid,10,8,18,180,3.778706,15.222978,15.564212,0.341234,0.022416
grid,10,9,18,180,3.651262,15.754323,16.107467,0.353144,0.022416
grid,10,10,18,180,3.393763,16.949669,17.329608,0.379939,0.022416
grid,10,11,18,180,3.851296,14.93605,15.270853,0.334802,0.022416
grid,10,12,18,180,3.46674,16.592868,16.964809,0.371941,0.022416
grid,10,13,18,180,3.34529,17.195267,17.580711,0.385444,0.022416
grid,10,14,18,180,3.513291,16.373013,16.740026,0.367013,0.022416
grid,10,15,18,180,3.44592,16.69312,17.067308,0.374188,0.022416
grid,10,16,18,180,3.69406,15.571797,15.92085,0.349053,0.022416
grid,10,17,18,180,3.511347,16.382076,16.749291,0.367216,0.022416
grid,10,18,18,180,3.856693,14.91515,15.249484,0.334334,0.022416
grid,10,19,18,180,3.786425,15.191942,15.53248,0.340538,0.022416
grid,10,20,18,180,3.802266,15.128651,15.46777,0.339119,0.022416
grid,10,21,18,180,3.59142,16.016826,16.375855,0.359028,0.022416
grid,10,22,18,180,3.845125,14.960023,15.295362,0.335339,0.022416
grid,10,23,18,180,3.430545,16.767934,17.143799,0.375865,0.022416
grid,10,24,18,180,3.475447,16.551298,16.922307,0.371009,0.022416
grid,10,25,18,180,3.601067,15.973922,16.331988,0.358067,0.022416
grid,10,26,18,180,3.586753,16.037667,16.397163,0.359496,0.022416
grid,10,27,18,180,3.681344,15.625584,15.975843,0.350258,0.022416
grid,10,28,18,180,3.444692,16.699069,17.073391,0.374321,0.022416
grid,10,29,18,180,3.573861,16.095522,16.456315,0.360792,0.022416
grid,10,30,18,180,3.589034,16.027477,16.386744,0.359267,0.022416
grid,10,31,18,180,3.474384,16.55636,16.927482,0.371122,0.022416
grid,10,32,18,180,3.593564,16.00727,16.366084,0.358814,0.022416
grid,10,33,18,180,3.582756,16.055561,16.415458,0.359897,0.022416
grid,10,34,18,180,3.522922,16.328252,16.694261,0.366009,0.022416
grid,10,35,18,180,3.552027,16.194459,16.557469,0.36301,0.022416
grid,10,36,18,180,3.693992,15.572087,15.921146,0.349059,0.022416
grid,10,37,18,180,3.563246,16.143472,16.505339,0.361867,0.022416
grid,10,38,18,180,3.551105,16.198665,16.56177,0.363104,0.022416
grid,10,39,18,180,3.717675,15.472885,15.81972,0.346836,0.022416
grid,10,40,18,180,3.477842,16.539898,16.910652,0.370753,0.022416
grid,11,1,20,220,3.755044,17.660934,17.499492,0.161442,0.009141
grid,11,2,20,220,4.102363,16.165701,16.017928,0.147774,0.009141
grid,11,3,20,220,3.811613,17.398823,17.239777,0.159046,0.009141
grid,11,4,20,220,3.745806,17.704488,17.542648,0.16184,0.009141
grid,11,5,20,220,3.884794,17.071067,16.915017,0.15605,0.009141
grid,11,6,20,220,3.799009,17.456546,17.296972,0.159573,0.009141
grid,11,7,20,220,3.858061,17.189357,17.032226,0.157131,0.009141
grid,11,8,20,220,3.847022,17.238679,17.081097,0.157582,0.009141
grid,11,9,20,220,3.660315,18.117998,17.952378,0.16562,0.009141
grid,11,10,20,220,3.764734,17.615475,17.454449,0.161026,0.009141
grid,11,11,20,220,3.947124,16.801495,16.647909,0.153585,0.009141
grid,11,12,20,220,3.932954,16.862029,16.70789,0.154139,0.009141
grid,11,13,20,220,3.747527,17.69636,17.534595,0.161766,0.009141
grid,11,14,20,220,3.739,17.736715,17.57458,0.162134,0.009141
grid,11,15,20,220,3.560291,18.627014,18.456741,0.170273,0.009141
grid,11,16,20,220,3.952515,16.778579,16.625203,0.153376,0.009141
grid,11,17,20,220,3.864145,17.162293,17.005409,0.156884,0.009141
grid,11,18,20,220,3.911959,16.952523,16.797557,0.154966,0.009141
grid,11,19,20,220,4.100287,16.173889,16.026041,0.147848,0.009141
grid,11,20,20,220,3.699986,17.923739,17.759895,0.163844,0.009141
grid,11,21,20,220,4.028779,16.460961,16.310489,0.150473,0.009141
grid,11,22,20,220,3.967219,16.71639,16.563583,0.152807,0.009141
grid,11,23,20,220,3.749355,17.687732,17.526045,0.161687,0.009141
grid,11,24,20,220,3.604056,18.400819,18.232614,0.168205,0.009141
grid,11,25,20,220,3.87352,17.120755,16.964251,0.156504,0.009141
grid,11,26,20,220,3.872678,17.124478,16.96794,0.156538,0.009141
grid,11,27,20,220,3.872827,17.123818,16.967286,0.156532,0.009141
grid,11,28,20,220,3.562594,18.614969,18.444806,0.170163,0.009141
grid,11,29,20,220,3.941402,16.825885,16.672077,0.153808,0.009141
grid,11,30,20,220,3.750885,17.680516,17.518896,0.161621,0.009141
grid,11,31,20,220,3.856292,17.197241,17.040038,0.157203,0.009141
grid,11,32,20,220,3.92298,16.9049,16.750369,0.154531,0.009141
grid,11,33,20,220,3.744014,17.712963,17.551045,0.161917,0.009141
grid,11,34,20,220,3.759426,17.64035,17.479096,0.161254,0.009141
grid,11,35,20,220,3.966877,16.717832,16.565011,0.152821,0.009141
grid,11,36,20,220,3.776916,17.558661,17.398154,0.160507,0.009141
grid,11,37,20,220,3.945027,16.810424,16.656756,0.153667,0.009141
grid,11,38,20,220,3.878959,17.096745,16.940461,0.156284,0.009141
grid,11,39,20,220,4.050226,16.373797,16.224121,0.149676,0.009141
grid,11,40,20,220,3.784975,17.521276,17.361111,0.160165,0.009141
grid,12,1,22,264,4.094961,18.382817,17.679754,0.703064,0.038246
grid,12,2,22,264,4.035962,18.651547,17.938205,0.713341,0.038246
grid,12,3,22,264,3.99103,18.86153,18.140158,0.721372,0.038246
grid,12,4,22,264,4.17582,18.026863,17.337413,0.68945,0.038246
grid,12,5,22,264,4.432481,16.983025,16.333497,0.649528,0.038246
grid,12,6,22,264,4.30783,17.474444,16.806122,0.668322,0.038246
grid,12,7,22,264,4.091835,18.396861,17.69326,0.703601,0.038246
grid,12,8,22,264,4.113599,18.299528,17.59965,0.699878,0.038246
grid,12,9,22,264,4.108961,18.320184,17.619516,0.700668,0.038246
grid,12,10,22,264,4.114366,18.296119,17.596371,0.699748,0.038246
grid,12,11,22,264,4.197197,17.935046,17.249108,0.685938,0.038246
grid,12,12,22,264,4.294241,17.529739,16.859302,0.670437,0.038246
grid,12,13,22,264,4.064111,18.522358,17.813958,0.708401,0.038246
grid,12,14,22,264,4.163739,18.079167,17.387716,0.69145,0.038246
grid,12,15,22,264,3.963673,18.991709,18.265358,0.726351,0.038246
grid,12,16,22,264,4.251519,17.705891,17.028717,0.677174,0.038246
grid,12,17,22,264,4.037778,18.643157,17.930137,0.713021,0.038246
grid,12,18,22,264,4.193035,17.95285,17.266231,0.686619,0.038246
grid,12,19,22,264,4.12981,18.2277,17.530569,0.697131,0.038246
grid,12,20,22,264,4.261178,17.665754,16.990115,0.675639,0.038246
grid,12,21,22,264,4.032805,18.666148,17.952249,0.7139,0.038246
grid,12,22,22,264,4.13881,18.18806,17.492445,0.695615,0.038246
grid,12,23,22,264,3.870188,19.45046,18.706564,0.743896,0.038246
grid,12,24,22,264,4.130733,18.223623,17.526648,0.696975,0.038246
grid,12,25,22,264,4.170743,18.048806,17.358517,0.690289,0.038246
grid,12,26,22,264,4.152233,18.129264,17.435897,0.693366,0.038246
grid,12,27,22,264,4.136849,18.196682,17.500737,0.695945,0.038246
grid,12,28,22,264,3.841659,19.5949,18.845479,0.749421,0.038246
grid,12,29,22,264,3.997464,18.831171,18.11096,0.720211,0.038246
grid,12,30,22,264,4.231608,17.7892,17.10884,0.68036,0.038246
grid,12,31,22,264,4.271314,17.623833,16.949797,0.674036,0.038246
grid,12,32,22,264,4.268868,17.633934,16.959512,0.674422,0.038246
grid,12,33,22,264,4.249738,17.713311,17.035853,0.677458,0.038246
grid,12,34,22,264,4.266162,17.645117,16.970268,0.67485,0.038246
grid,12,35,22,264,4.098076,18.368847,17.666318,0.702529,0.038246
grid,12,36,22,264,4.165682,18.070732,17.379604,0.691128,0.038246
grid,12,37,22,264,4.095705,18.37948,17.676544,0.702936,0.038246
grid,12,38,22,264,4.37336,17.212606,16.554298,0.658308,0.038246
grid,12,39,22,264,4.243611,17.738887,17.060451,0.678436,0.038246
grid,12,40,22,264,4.155216,18.116249,17.42338,0.692869,0.038246
mtn_knn,20,1,5,50,4.334851,3.800599,3.285335,0.515264,0.135574
mtn_knn,20,2,5,48,4.411507,3.85495,3.121217,0.733733,0.190335
mtn_knn,20,3,4,49,4.131077,4.033947,2.836766,1.197181,0.296777
mtn_knn,20,4,6,51,6.621511,2.15623,2.531046,0.374816,0.173829
mtn_knn,20,5,3,49,1.988038,8.350484,4.743388,3.607096,0.431962
mtn_knn,20,6,6,49,6.72956,2.071059,2.421648,0.350589,0.16928
mtn_knn,20,7,5,48,4.260591,4.003466,3.231775,0.771691,0.192756
mtn_knn,20,8,4,52,3.349056,5.045825,3.704394,1.341431,0.26585
mtn_knn,20,9,5,49,4.811811,3.531475,2.911121,0.620354,0.175664
mtn_knn,20,10,5,46,4.095287,3.822804,3.242021,0.580783,0.151926
mtn_knn,20,11,4,50,2.900522,5.677061,4.120835,1.556225,0.274125
mtn_knn,20,12,5,50,4.189599,3.760354,3.399237,0.361118,0.096033
mtn_knn,20,13,4,52,4.012988,4.413079,3.091517,1.321562,0.299465
mtn_knn,20,14,5,49,4.014243,4.18879,3.489515,0.699275,0.16694
mtn_knn,20,15,7,49,6.435292,2.210547,2.888057,0.67751,0.30649
mtn_knn,20,16,4,52,3.717537,4.648446,3.337215,1.311231,0.282079
mtn_knn,20,17,5,54,3.957899,4.041788,3.823141,0.218647,0.054097
mtn_knn,20,18,5,51,5.201893,2.991761,2.781773,0.209988,0.070189
mtn_knn,20,19,4,52,3.95161,4.153599,3.139536,1.014064,0.244141
mtn_knn,20,20,6,50,5.886447,2.49031,2.808197,0.317887,0.12765
mtn_knn,20,21,5,54,4.808585,3.21517,3.14679,0.06838,0.021268
mtn_knn,20,22,5,51,4.958826,3.194831,2.918127,0.276704,0.08661
mtn_knn,20,23,4,50,4.256859,4.264835,2.807839,1.456996,0.34163
mtn_knn,20,24,5,48,4.35178,3.571744,3.164055,0.407689,0.114143
mtn_knn,20,25,4,48,3.934015,4.27227,2.918242,1.354027,0.316934
mtn_knn,20,26,4,49,4.126173,4.034716,2.840138,1.194578,0.296075
mtn_knn,20,27,4,49,3.464562,4.88662,3.382506,1.504114,0.307803
mtn_knn,20,28,4,50,3.995569,4.365362,2.991457,1.373905,0.314729
mtn_knn,20,29,6,48,5.463592,2.621273,2.939117,0.317843,0.121255
mtn_knn,20,30,6,52,5.041309,2.835446,3.368956,0.53351,0.188157
mtn_knn,20,31,6,51,5.651728,2.673982,2.96535,0.291368,0.108964
mtn_knn,20,32,4,49,3.577558,5.055137,3.275671,1.779466,0.352011
mtn_knn,20,33,5,52,3.840673,4.4902,3.826174,0.664026,0.147883
mtn_knn,20,34,6,53,6.381337,2.162678,2.696029,0.533351,0.246616
mtn_knn,20,35,5,56,4.561606,3.439461,3.409381,0.03008,0.008745
mtn_knn,20,36,4,52,3.210334,5.478821,3.864464,1.614356,0.294654
mtn_knn,20,37,4,47,2.958414,5.559544,3.798283,1.761261,0.316799
mtn_knn,20,38,6,50,6.545084,2.315735,2.525606,0.20987,0.090628
mtn_knn,20,39,5,48,3.844454,4.863901,3.581593,1.282307,0.263638
mtn_knn,20,40,5,56,5.035846,3.163879,3.08831,0.075568,0.023885
mtn_knn,30,1,6,71,5.529643,4.350986,3.722875,0.62811,0.14436
mtn_knn,30,2,7,70,6.416774,3.571761,3.539313,0.032448,0.009085
mtn_knn,30,3,7,75,6.7949,3.301159,3.459797,0.158638,0.048055
mtn_knn,30,4,6,74,6.684846,3.340694,3.151135,0.189559,0.056742
mtn_knn,30,5,4,74,3.018798,6.808151,5.461487,1.346664,0.197802
mtn_knn,30,6,7,76,5.305724,4.696489,4.459745,0.236744,0.050409
mtn_knn,30,7,7,78,6.410051,3.477744,3.738289,0.260545,0.074918
mtn_knn,30,8,5,79,3.814229,6.055967,5.120888,0.935078,0.154406
mtn_knn,30,9,6,73,4.836668,4.913673,4.322704,0.590968,0.12027
mtn_knn,30,10,8,73,6.746494,3.31812,3.777549,0.459429,0.138461
mtn_knn,30,11,8,72,6.789023,3.296549,3.730385,0.433836,0.131603
mtn_knn,30,12,5,75,4.852692,4.827759,3.901185,0.926574,0.191926
mtn_knn,30,13,6,77,6.123492,3.710325,3.515071,0.195254,0.052624
mtn_knn,30,14,6,71,5.343,4.177237,3.852924,0.324313,0.077638
mtn_knn,30,15,8,71,8.388964,2.978854,2.999643,0.020789,0.006979
mtn_knn,30,16,7,74,6.001775,4.014802,3.891135,0.123667,0.030803
mtn_knn,30,17,6,82,4.259657,6.187943,5.223942,0.964001,0.155787
mtn_knn,30,18,7,79,6.259981,3.797152,3.851444,0.054292,0.014298
mtn_knn,30,19,5,75,4.876954,4.647891,3.881777,0.766115,0.164831
mtn_knn,30,20,5,79,4.436936,4.884398,4.402191,0.482207,0.098724
mtn_knn,30,21,6,72,5.104773,4.870681,4.06442,0.80626,0.165533
mtn_knn,30,22,6,76,5.483343,4.201192,3.897862,0.30333,0.072201
mtn_knn,30,23,5,76,5.104179,4.60229,3.738985,0.863304,0.187582
mtn_knn,30,24,7,76,5.845515,4.179167,4.047919,0.131248,0.031405
mtn_knn,30,25,7,74,6.644726,3.688364,3.514625,0.17374,0.047105
mtn_knn,30,26,6,74,5.585539,4.000905,3.77132,0.229585,0.057383
mtn_knn,30,27,6,74,5.443251,4.466548,3.869903,0.596645,0.133581
mtn_knn,30,28,7,73,6.761883,3.364724,3.430457,0.065733,0.019536
mtn_knn,30,29,7,72,7.11469,3.233852,3.237921,0.004069,0.001258
mtn_knn,30,30,7,76,6.509433,3.45837,3.63506,0.176689,0.05109
mtn_knn,30,31,5,76,5.357526,4.3897,3.562176,0.827524,0.188515
mtn_knn,30,32,6,74,4.378551,5.54463,4.810919,0.733711,0.132328
mtn_knn,30,33,7,76,7.575096,3.312275,3.12368,0.188595,0.056938
mtn_knn,30,34,6,79,6.207084,3.550794,3.515516,0.035278,0.009935
mtn_knn,30,35,7,73,5.834425,4.078682,3.975773,0.102909,0.025231
mtn_knn,30,36,6,73,5.228956,4.631003,3.998405,0.632597,0.136601
mtn_knn,30,37,8,75,5.08579,5.366689,5.072534,0.294155,0.054811
mtn_knn,30,38,8,79,8.625865,2.579835,3.060427,0.480592,0.186288
mtn_knn,30,39,7,72,7.656728,3.059196,3.008701,0.050494,0.016506
mtn_knn,30,40,6,80,5.524955,4.077386,3.975887,0.1015,0.024893
mtn_knn,40,1,7,96,6.315112,4.830101,4.174792,0.655309,0.135672
mtn_knn,40,2,8,99,6.818299,4.256518,4.254589,0.001928,0.000453
mtn_knn,40,3,7,101,6.361377,4.65234,4.236746,0.415594,0.08933
mtn_knn,40,4,9,96,9.534947,2.880836,3.245116,0.36428,0.126449
mtn_knn,40,5,7,99,7.070515,3.853939,3.779103,0.074836,0.019418
mtn_knn,40,6,8,98,6.075423,4.986524,4.755494,0.231029,0.046331
mtn_knn,40,7,8,100,7.044185,4.032584,4.13466,0.102076,0.025313
mtn_knn,40,8,7,100,5.511093,5.041559,4.869532,0.172027,0.034122
mtn_knn,40,9,8,100,7.785133,3.823095,3.741145,0.08195,0.021435
mtn_knn,40,10,8,101,7.127542,4.287429,4.102452,0.184977,0.043144
mtn_knn,40,11,7,99,5.732501,4.952433,4.661177,0.291256,0.058811
mtn_knn,40,12,6,93,5.17809,5.22774,4.57856,0.64918,0.12418
mtn_knn,40,13,8,102,8.025212,3.458567,3.657767,0.199201,0.057596
mtn_knn,40,14,7,97,7.153591,4.130072,3.702216,0.427856,0.103595
mtn_knn,40,15,9,98,9.102411,3.272028,3.425521,0.153493,0.046911
mtn_knn,40,16,7,98,5.476862,5.399014,4.857302,0.541711,0.100335
mtn_knn,40,17,7,107,5.771751,5.066387,4.785206,0.281181,0.055499
mtn_knn,40,18,9,101,7.454177,3.769981,4.229745,0.459764,0.121954
mtn_knn,40,19,7,103,6.55902,4.251923,4.143659,0.108265,0.025463
mtn_knn,40,20,7,107,6.791152,3.996343,4.066912,0.070569,0.017659
mtn_knn,40,21,9,97,7.187598,4.129735,4.321593,0.191858,0.046458
mtn_knn,40,22,8,98,6.993892,4.17545,4.130981,0.044469,0.01065
mtn_knn,40,23,7,102,6.422445,4.654012,4.214204,0.439808,0.094501
mtn_knn,40,24,9,100,8.044645,3.598645,3.90498,0.306334,0.085125
mtn_knn,40,25,9,105,8.357931,3.413966,3.826127,0.412161,0.120728
mtn_knn,40,26,10,99,9.643172,2.872924,3.482961,0.610037,0.21234
mtn_knn,40,27,7,97,5.939062,5.03969,4.459314,0.580376,0.115161
mtn_knn,40,28,8,97,6.552563,4.284132,4.391107,0.106975,0.02497
mtn_knn,40,29,8,97,7.944591,3.862869,3.62171,0.24116,0.06243
mtn_knn,40,30,9,104,7.847179,3.597506,4.061055,0.463548,0.128853
mtn_knn,40,31,8,102,7.723215,3.605667,3.800795,0.195128,0.054117
mtn_knn,40,32,7,99,4.787406,6.005346,5.581352,0.423994,0.070603
mtn_knn,40,33,9,102,9.571098,3.016151,3.306122,0.289971,0.096139
mtn_knn,40,34,8,101,7.993981,3.442518,3.657802,0.215284,0.062537
mtn_knn,40,35,7,100,4.825145,6.540479,5.561791,0.978689,0.149636
mtn_knn,40,36,10,103,9.017581,3.320825,3.775395,0.45457,0.136885
mtn_knn,40,37,9,99,8.592698,3.280137,3.642386,0.362249,0.110437
mtn_knn,40,38,9,102,9.611669,2.947247,3.292167,0.344921,0.117031
mtn_knn,40,39,8,96,7.884761,3.922004,3.63399,0.288013,0.073435
mtn_knn,40,40,8,101,7.32447,3.754847,3.992153,0.237305,0.0632
mtn_knn,60,1,11,149,10.201058,4.058089,3.980405,0.077684,0.019143
mtn_knn,60,2,9,150,8.274135,4.819638,4.363476,0.456163,0.094647
mtn_knn,60,3,10,147,8.81978,4.242515,4.326545,0.08403,0.019807
mtn_knn,60,4,10,147,10.449815,3.805294,3.65166,0.153634,0.040374
mtn_knn,60,5,11,145,9.985061,3.750335,4.034987,0.284652,0.0759
mtn_knn,60,6,11,148,11.413187,3.28953,3.550845,0.261314,0.079438
mtn_knn,60,7,9,146,8.16749,4.630397,4.382174,0.248223,0.053607
mtn_knn,60,8,10,143,9.293398,4.098247,4.071716,0.026531,0.006474
mtn_knn,60,9,11,153,11.176852,3.527101,3.660311,0.13321,0.037768
mtn_knn,60,10,11,150,9.598846,3.987874,4.238188,0.250313,0.062769
mtn_knn,60,11,8,148,5.325196,6.950705,6.320868,0.629837,0.090615
mtn_knn,60,12,9,145,6.894331,5.933046,5.179888,0.753158,0.126943
mtn_knn,60,13,11,155,10.047576,3.704596,4.086655,0.382059,0.103131
mtn_knn,60,14,11,150,10.896208,3.479477,3.733566,0.254089,0.073025
mtn_knn,60,15,11,149,10.981233,3.699911,3.697612,0.002298,0.000621
mtn_knn,60,16,10,142,8.345297,4.433485,4.524573,0.091089,0.020546
mtn_knn,60,17,9,157,9.486195,3.952772,3.861563,0.091209,0.023075
mtn_knn,60,18,9,151,7.861318,5.259294,4.602389,0.656905,0.124904
mtn_knn,60,19,15,143,13.762574,3.004483,3.581045,0.576562,0.1919
mtn_knn,60,20,8,154,7.522234,5.088689,4.535823,0.552866,0.108646
mtn_knn,60,21,8,150,6.351288,6.100576,5.324136,0.77644,0.127273
mtn_knn,60,22,10,140,8.377326,4.740149,4.48769,0.252459,0.05326
mtn_knn,60,23,8,152,6.276924,6.044023,5.411619,0.632404,0.104633
mtn_knn,60,24,12,150,9.870328,4.267688,4.35351,0.085822,0.02011
mtn_knn,60,25,11,157,10.257839,3.938393,4.017344,0.078951,0.020046
mtn_knn,60,26,11,154,10.433594,3.714347,3.928283,0.213935,0.057597
mtn_knn,60,27,10,148,8.942844,4.222938,4.275775,0.052838,0.012512
mtn_knn,60,28,11,144,9.904628,3.864361,4.059672,0.195311,0.050542
mtn_knn,60,29,11,145,9.635545,4.706607,4.18135,0.525256,0.1116
mtn_knn,60,30,10,157,8.829562,4.747604,4.407965,0.339639,0.071539
mtn_knn,60,31,10,146,10.143316,3.761589,3.754218,0.007371,0.001959
mtn_knn,60,32,12,151,10.152345,4.276401,4.240146,0.036255,0.008478
mtn_knn,60,33,12,151,12.54924,3.157917,3.430282,0.272364,0.086248
mtn_knn,60,34,9,149,8.26328,4.494672,4.359844,0.134827,0.029997
mtn_knn,60,35,11,145,9.115893,4.52455,4.419709,0.104841,0.023172
mtn_knn,60,36,11,154,9.989572,4.325762,4.102889,0.222872,0.051522
mtn_knn,60,37,12,155,11.20153,3.616655,3.869993,0.253338,0.070048
mtn_knn,60,38,10,150,8.162772,5.093118,4.703408,0.38971,0.076517
mtn_knn,60,39,12,151,10.254068,3.977392,4.198083,0.220692,0.055487
mtn_knn,60,40,10,144,9.189813,4.319396,4.126382,0.193014,0.044686
mtn_knn,80,1,13,197,11.619688,4.224117,4.166385,0.057731,0.013667
mtn_knn,80,2,13,196,11.1471,4.66396,4.337741,0.326218,0.069945
mtn_knn,80,3,12,199,10.172991,5.146029,4.545376,0.600653,0.116722
mtn_knn,80,4,13,192,13.451551,3.645262,3.576892,0.068371,0.018756
mtn_knn,80,5,13,196,12.643536,4.078212,3.824345,0.253868,0.06225
mtn_knn,80,6,15,197,15.26168,3.181819,3.472084,0.290264,0.091226
mtn_knn,80,7,10,198,9.15928,5.127805,4.542286,0.585519,0.114185
mtn_knn,80,8,14,190,13.209185,3.627562,3.806631,0.179069,0.049364
mtn_knn,80,9,12,197,11.664951,4.269903,3.954002,0.315902,0.073983
mtn_knn,80,10,11,200,10.516763,4.675892,4.18467,0.491222,0.105054
mtn_knn,80,11,13,190,10.273004,4.82313,4.67182,0.15131,0.031372
mtn_knn,80,12,14,198,12.319363,3.992543,4.120305,0.127762,0.032
mtn_knn,80,13,10,198,8.080469,5.625714,5.14872,0.476994,0.084788
mtn_knn,80,14,14,200,13.34583,3.661482,3.81211,0.150628,0.041139
mtn_knn,80,15,13,195,12.310164,4.097356,3.923106,0.17425,0.042527
mtn_knn,80,16,14,194,12.529447,3.846655,4.032378,0.185723,0.048282
mtn_knn,80,17,12,204,10.861548,4.40241,4.283652,0.118757,0.026976
mtn_knn,80,18,13,200,10.717112,4.806403,4.533582,0.27282,0.056762
mtn_knn,80,19,14,190,12.378636,4.242205,4.062038,0.180167,0.04247
mtn_knn,80,20,10,203,8.186395,5.853333,5.117335,0.735997,0.12574
mtn_knn,80,21,11,196,9.236125,5.242875,4.739597,0.503278,0.095993
mtn_knn,80,22,13,193,11.547268,4.327502,4.171968,0.155534,0.035941
mtn_knn,80,23,12,203,10.38006,4.466057,4.476878,0.010821,0.002423
mtn_knn,80,24,13,196,11.3377,4.693566,4.264819,0.428747,0.091348
mtn_knn,80,25,11,199,10.170641,4.57821,4.32138,0.25683,0.056098
mtn_knn,80,26,15,194,13.951655,3.538331,3.785381,0.247051,0.069821
mtn_knn,80,27,11,194,9.157104,5.09429,4.767542,0.326748,0.06414
mtn_knn,80,28,11,194,9.88872,4.830616,4.414816,0.415801,0.086076
mtn_knn,80,29,13,200,12.973403,3.94457,3.745117,0.199453,0.050564
mtn_knn,80,30,15,203,13.453799,3.784511,3.964445,0.179934,0.047545
mtn_knn,80,31,14,196,11.36617,4.3049,4.455511,0.150611,0.034986
mtn_knn,80,32,15,201,12.573524,4.126749,4.232889,0.10614,0.02572
mtn_knn,80,33,13,199,13.433871,3.681257,3.612431,0.068826,0.018696
mtn_knn,80,34,11,201,9.76619,4.99591,4.512187,0.483723,0.096824
mtn_knn,80,35,12,197,9.739639,5.360221,4.735621,0.624601,0.116525
mtn_knn,80,36,13,197,11.781533,4.349303,4.109151,0.240152,0.055216
mtn_knn,80,37,13,202,11.614232,4.362956,4.193304,0.169652,0.038885
mtn_knn,80,38,13,204,10.527697,4.55362,4.636907,0.083288,0.01829
mtn_knn,80,39,11,199,10.5221,4.814228,4.177037,0.63719,0.132356
mtn_knn,80,40,12,193,10.395505,4.64394,4.41402,0.22992,0.04951
mtn_knn,100,1,15,245,12.283037,4.607838,4.519399,0.088439,0.019193
mtn_knn,100,2,15,254,13.171135,4.364655,4.246348,0.118307,0.027106
mtn_knn,100,3,16,245,14.141488,4.279298,4.087322,0.191976,0.044862
mtn_knn,100,4,18,238,18.379802,3.192892,3.375622,0.18273,0.05723
mtn_knn,100,5,14,255,13.639329,4.033696,3.936103,0.097592,0.024194
mtn_knn,100,6,17,245,17.204739,3.347579,3.492624,0.145044,0.043328
mtn_knn,100,7,12,245,11.166594,4.744682,4.356329,0.388352,0.08185
mtn_knn,100,8,17,242,16.288157,3.581931,3.680415,0.098484,0.027495
mtn_knn,100,9,13,245,12.396888,4.65557,4.10863,0.54694,0.117481
mtn_knn,100,10,16,250,15.660954,3.728286,3.70568,0.022606,0.006063
mtn_knn,100,11,13,238,9.554178,5.868247,5.296002,0.572245,0.097516
mtn_knn,100,12,17,248,15.094495,3.986428,3.990226,0.003798,0.000953
mtn_knn,100,13,17,244,14.20786,4.11181,4.225997,0.114187,0.02777
mtn_knn,100,14,14,243,12.963462,4.358423,4.09831,0.260113,0.059681
mtn_knn,100,15,14,251,12.791367,4.785762,4.182738,0.603024,0.126004
mtn_knn,100,16,15,241,12.843419,4.718576,4.307385,0.411191,0.087143
mtn_knn,100,17,13,248,9.863676,5.951106,5.178089,0.773017,0.129895
mtn_knn,100,18,15,242,11.186907,5.329644,4.949486,0.380158,0.071329
mtn_knn,100,19,17,241,14.699083,4.027242,4.075035,0.047793,0.011867
mtn_knn,100,20,13,246,11.026712,5.25044,4.62344,0.627,0.119419
mtn_knn,100,21,15,244,12.948338,4.561234,4.283534,0.2777,0.060883
mtn_knn,100,22,15,243,13.27731,4.641232,4.173823,0.467409,0.100708
mtn_knn,100,23,13,248,11.344281,4.832787,4.502268,0.330519,0.068391
mtn_knn,100,24,13,241,11.012569,5.380988,4.60781,0.773178,0.143687
mtn_knn,100,25,14,250,12.856967,4.281396,4.157805,0.123591,0.028867
mtn_knn,100,26,14,240,12.553845,4.967396,4.220587,0.746809,0.150342
mtn_knn,100,27,14,248,11.564567,5.198487,4.614428,0.584059,0.112352
mtn_knn,100,28,15,234,11.806123,4.800171,4.656958,0.143213,0.029835
mtn_knn,100,29,13,248,12.967754,4.43879,3.938615,0.500175,0.112683
mtn_knn,100,30,14,246,12.746938,4.593038,4.179059,0.41398,0.090132
mtn_knn,100,31,15,242,12.754103,4.531294,4.341305,0.189989,0.041928
mtn_knn,100,32,14,251,11.845806,4.766806,4.516614,0.250192,0.052486
mtn_knn,100,33,14,246,14.590712,3.91702,3.650967,0.266054,0.067922
mtn_knn,100,34,13,247,12.857347,4.469949,3.968802,0.501147,0.112115
mtn_knn,100,35,17,249,13.129611,4.496249,4.59092,0.094671,0.021056
mtn_knn,100,36,17,243,15.329993,3.792173,3.913562,0.121389,0.03201
mtn_knn,100,37,14,245,12.644727,4.58126,4.209113,0.372147,0.081232
mtn_knn,100,38,16,250,14.899286,3.884981,3.895119,0.010138,0.00261
mtn_knn,100,39,18,246,14.941896,4.521353,4.177894,0.343459,0.075964
mtn_knn,100,40,15,240,13.036829,4.311358,4.239793,0.071565,0.016599
mtn_knn,140,8,17,334,16.281685,4.277093,3.910771,0.366322,0.085647
mtn_knn,140,11,19,335,17.284692,4.429286,3.950677,0.478609,0.108055
mtn_knn,140,12,17,347,16.524044,4.498799,3.880139,0.61866,0.137517
mtn_knn,140,13,18,341,15.889773,4.527527,4.166372,0.361155,0.079769
mtn_knn,140,14,15,340,13.666114,5.032507,4.339357,0.69315,0.137735
mtn_knn,140,15,14,344,11.859163,5.655668,4.818937,0.836731,0.147946
mtn_knn,140,17,16,341,14.424585,4.929837,4.272218,0.657618,0.133396
mtn_knn,140,18,16,338,11.886435,6.090436,5.175881,0.914555,0.150163
mtn_knn,140,20,16,342,14.408411,4.890669,4.279365,0.611304,0.124994
mtn_knn,140,21,16,343,13.609292,5.346421,4.533125,0.813296,0.15212
mtn_knn,140,23,16,343,14.099192,4.964624,4.375614,0.58901,0.118641
mtn_knn,140,24,18,341,14.592938,5.16096,4.536626,0.624333,0.120972
mtn_knn,140,26,18,340,17.361143,4.202179,3.811312,0.390867,0.093015
mtn_knn,140,27,15,342,12.563406,5.652384,4.725628,0.926756,0.163958
mtn_knn,140,29,15,341,14.326274,4.775611,4.141769,0.633842,0.132725
mtn_knn,140,30,15,344,11.746975,5.889891,5.059807,0.830084,0.140934
mtn_knn,140,31,18,334,14.562609,5.267001,4.529601,0.737401,0.140004
mtn_knn,140,34,15,343,14.099565,5.054375,4.213162,0.841212,0.166433
mtn_knn,140,35,16,338,11.641164,5.938733,5.284933,0.6538,0.110091
mtn_knn,140,36,18,338,16.682164,4.356669,3.962345,0.394324,0.09051
mtn_knn,140,37,17,349,15.789644,4.579028,4.06482,0.514208,0.112296
mtn_knn,140,40,15,348,12.904907,5.464855,4.616162,0.848693,0.1553
sparse,20,1,4,42,3.852687,3.767566,2.578958,1.188608,0.315484
sparse,20,2,6,47,6.036001,2.306392,2.620049,0.313657,0.135995
sparse,20,3,3,42,3.453522,4.163628,2.214277,1.94935,0.468186
sparse,20,4,3,39,2.571073,5.71546,2.640877,3.074583,0.537942
sparse,20,5,3,45,3.563705,4.025679,2.369741,1.655937,0.411344
sparse,20,6,3,45,3.151951,4.620819,2.679312,1.941507,0.420165
sparse,20,7,3,46,3.101692,4.702528,2.804688,1.89784,0.403579
sparse,20,8,3,45,3.363121,4.373615,2.511078,1.862537,0.425858
sparse,20,9,3,43,3.186219,4.562415,2.48546,2.076955,0.455231
sparse,20,10,3,41,2.948425,4.760867,2.499073,2.261794,0.47508
sparse,20,11,3,58,3.393935,4.346564,3.353161,0.993403,0.228549
sparse,20,12,4,54,3.774241,3.960241,3.402735,0.557506,0.140776
sparse,20,13,5,42,5.031817,2.664683,2.429497,0.235187,0.088261
sparse,20,14,5,49,5.154344,2.728343,2.717662,0.010681,0.003915
sparse,20,15,3,34,2.157778,6.56569,2.411253,4.154437,0.63275
sparse,20,16,3,51,3.346486,4.525478,2.956163,1.569315,0.346773
sparse,20,17,3,43,3.532456,4.025443,2.241845,1.783598,0.443081
sparse,20,18,3,51,2.822085,5.900663,3.505479,2.395184,0.405918
sparse,20,19,4,55,4.250543,3.759858,3.071367,0.688491,0.183116
sparse,20,20,5,46,5.513163,2.623843,2.408238,0.215605,0.082172
sparse,20,21,4,41,4.486956,3.204772,2.152282,1.05249,0.328413
sparse,20,22,3,46,3.134018,4.972705,2.775759,2.196947,0.441801
sparse,20,23,3,45,3.210498,4.444841,2.630452,1.81439,0.408201
sparse,20,24,3,46,3.163965,4.506022,2.749486,1.756535,0.38982
sparse,20,25,3,50,3.01237,4.852994,3.20801,1.644984,0.338963
sparse,20,26,3,37,3.496735,4.046563,1.767644,2.27892,0.563174
sparse,20,27,3,43,2.625457,5.658755,3.016321,2.642434,0.466964
sparse,20,28,4,48,4.121123,3.648741,2.785747,0.862994,0.236518
sparse,20,29,3,42,3.21398,4.491103,2.37931,2.111793,0.470217
sparse,20,30,4,42,4.324983,3.253001,2.297331,0.95567,0.293781
sparse,20,31,3,48,3.336833,4.338737,2.754571,1.584166,0.365121
sparse,20,32,3,49,3.469837,4.271239,2.717718,1.553522,0.363717
sparse,20,33,6,41,5.645053,2.303889,2.521663,0.217774,0.094525
sparse,20,34,4,39,3.814288,3.868234,2.380195,1.488039,0.384682
sparse,20,35,3,51,3.610505,3.895408,2.739993,1.155414,0.296609
sparse,20,36,3,41,2.447936,6.417095,3.010017,3.407078,0.530938
sparse,20,37,3,50,3.766598,3.898048,2.565634,1.332415,0.341816
sparse,20,38,5,52,5.482681,2.701549,2.680274,0.021275,0.007875
sparse,20,39,3,51,3.209579,4.645862,3.082261,1.563601,0.336558
sparse,20,40,3,46,3.648677,3.764148,2.384228,1.37992,0.366596
sparse,30,1,3,72,3.225669,5.747209,4.303403,1.443807,0.251219
sparse,30,2,4,70,3.772667,5.319704,4.199782,1.119922,0.210523
sparse,30,3,7,69,7.641431,2.679373,2.950304,0.270931,0.101117
sparse,30,4,8,67,7.406384,2.812243,3.307038,0.494794,0.175943
sparse,30,5,6,73,6.60049,3.037067,3.167566,0.130499,0.042969
sparse,30,6,4,73,3.666728,5.111546,4.453495,0.65805,0.128738
sparse,30,7,3,69,2.717707,6.449226,4.926612,1.522615,0.236093
sparse,30,8,3,70,2.912726,6.078055,4.653893,1.424162,0.234312
sparse,30,9,3,69,3.279897,5.500994,4.082167,1.418827,0.257922
sparse,30,10,7,72,6.457834,3.253829,3.567265,0.313437,0.096329
sparse,30,11,4,79,3.31629,6.118817,5.199598,0.919219,0.150228
sparse,30,12,4,76,4.289664,4.553322,3.915362,0.637961,0.140109
sparse,30,13,4,71,4.069672,4.569896,3.933596,0.6363,0.139237
sparse,30,14,4,69,4.352537,4.354041,3.602026,0.752016,0.172717
sparse,30,15,4,60,2.129665,9.338147,6.602634,2.735513,0.29294
sparse,30,16,4,73,4.416934,4.253848,3.697079,0.556768,0.130886
sparse,30,17,3,67,3.230944,5.323496,4.038718,1.284778,0.241341
sparse,30,18,4,69,4.515767,4.182059,3.471824,0.710235,0.169829
sparse,30,19,3,69,2.770077,6.49588,4.833472,1.662409,0.255917
sparse,30,20,7,70,6.96456,2.915302,3.260934,0.345632,0.118558
sparse,30,21,4,76,4.39048,4.354174,3.825455,0.528718,0.121428
sparse,30,22,3,74,3.768949,4.872556,3.767167,1.105388,0.22686
sparse,30,23,3,66,3.782166,4.704859,3.404117,1.300741,0.276468
sparse,30,24,3,68,3.170553,5.669587,4.169693,1.499894,0.264551
sparse,30,25,5,69,5.523336,3.615272,3.252892,0.36238,0.100236
sparse,30,26,3,62,3.234051,5.318113,3.757454,1.560659,0.293461
sparse,30,27,3,72,2.873,6.346276,4.831657,1.514619,0.238663
sparse,30,28,3,71,2.914438,6.118463,4.707454,1.411009,0.230615
sparse,30,29,4,60,4.104267,4.570201,3.426043,1.144158,0.250352
sparse,30,30,4,62,4.388349,4.316369,3.290682,1.025687,0.237627
sparse,30,31,3,80,3.107524,5.789667,4.859176,0.930492,0.160716
sparse,30,32,3,71,3.294325,5.353069,4.16461,1.188459,0.222014
sparse,30,33,5,70,4.772762,4.109943,3.799319,0.310624,0.075579
sparse,30,34,3,65,3.058803,5.78273,4.151411,1.63132,0.282102
sparse,30,35,7,67,7.235432,2.728386,3.068832,0.340447,0.124779
sparse,30,36,4,68,3.864301,5.025556,4.013428,1.012128,0.201396
sparse,30,37,4,67,4.049874,5.001603,3.787213,1.21439,0.2428
sparse,30,38,4,76,4.114087,4.827094,4.082458,0.744636,0.154262
sparse,30,39,3,70,3.409298,5.423597,3.976043,1.447554,0.266899
sparse,30,40,3,70,3.24247,5.307554,4.180613,1.12694,0.212328
sparse,40,1,5,91,4.668361,4.904298,4.534327,0.369971,0.075438
sparse,40,2,3,87,3.269568,6.095649,4.915089,1.180559,0.193672
sparse,40,3,3,98,3.74407,5.236266,4.659987,0.57628,0.110055
sparse,40,4,5,88,4.557809,5.410696,4.559238,0.851457,0.157366
sparse,40,5,3,112,3.647438,5.695758,5.20689,0.488868,0.08583
sparse,40,6,3,94,3.384735,5.895992,5.012301,0.883691,0.14988
sparse,40,7,4,92,4.00292,5.379916,4.747889,0.632026,0.117479
sparse,40,8,5,96,5.225854,4.373407,4.168994,0.204413,0.04674
sparse,40,9,3,93,2.758016,7.351772,6.10642,1.245352,0.169395
sparse,40,10,3,90,2.856173,6.903393,5.763775,1.139618,0.165081
sparse,40,11,5,102,4.70429,5.030777,4.780268,0.250509,0.049795
sparse,40,12,3,102,3.41841,5.873548,5.239289,0.634259,0.107986
sparse,40,13,3,101,3.406765,5.955275,5.223749,0.731526,0.122837
sparse,40,14,4,99,3.645525,5.938475,5.446022,0.492453,0.082926
sparse,40,15,3,96,3.798196,5.201178,4.53079,0.670388,0.128892
sparse,40,16,6,107,6.04875,4.070048,4.187668,0.11762,0.028899
sparse,40,17,3,93,3.366072,5.912676,5.00334,0.909336,0.153794
sparse,40,18,5,90,4.903283,4.543988,4.291016,0.252972,0.055672
sparse,40,19,4,81,3.332445,6.708551,5.261168,1.447382,0.215752
sparse,40,20,5,103,4.890592,4.760256,4.621243,0.139013,0.029203
sparse,40,21,3,103,2.6873,7.983084,6.706688,1.276396,0.159888
sparse,40,22,3,108,2.948258,7.131893,6.299029,0.832864,0.11678
sparse,40,23,3,85,3.314668,6.205589,4.76706,1.43853,0.231812
sparse,40,24,5,90,4.61252,4.94535,4.561513,0.383837,0.077616
sparse,40,25,7,90,6.581629,3.749306,3.892319,0.143013,0.038144
sparse,40,26,6,92,5.82062,4.150233,4.051656,0.098576,0.023752
sparse,40,27,4,104,3.899477,5.717801,5.237498,0.480303,0.084001
sparse,40,28,3,88,2.625503,7.613515,6.171165,1.442351,0.189446
sparse,40,29,3,86,2.861217,6.806751,5.569833,1.236918,0.181719
sparse,40,30,3,85,2.218847,8.945467,7.121364,1.824104,0.203914
sparse,40,31,4,100,4.190941,5.35995,4.765006,0.594944,0.110998
sparse,40,32,6,101,5.405338,4.424414,4.562652,0.138237,0.031244
sparse,40,33,3,109,3.465055,6.080539,5.390324,0.690215,0.113512
sparse,40,34,3,89,2.84501,7.313842,5.740965,1.572877,0.215055
sparse,40,35,3,101,3.782568,5.221979,4.704762,0.517217,0.099046
sparse,40,36,3,89,3.210824,5.973576,5.086889,0.886686,0.148435
sparse,40,37,3,97,2.825081,7.106907,6.133872,0.973035,0.136914
sparse,40,38,3,96,3.24271,6.094029,5.306928,0.787101,0.129159
sparse,40,39,7,100,7.074171,3.586487,3.793582,0.207095,0.057743
sparse,40,40,3,95,3.026153,6.508684,5.646677,0.862007,0.132439
sparse,60,1,5,144,4.899968,5.654182,5.403374,0.250808,0.044358
sparse,60,2,7,137,7.137336,4.290561,4.270179,0.020381,0.00475
sparse,60,3,6,147,6.376303,4.458324,4.548673,0.09035,0.020265
sparse,60,4,3,148,2.660316,8.62875,8.350717,0.278033,0.032222
sparse,60,5,5,162,5.406482,5.205331,5.149134,0.056197,0.010796
sparse,60,6,4,129,3.535527,7.15898,6.481403,0.677577,0.094647
sparse,60,7,3,143,3.055714,7.468167,7.140076,0.328091,0.043932
sparse,60,8,3,130,1.899895,12.122205,10.903565,1.21864,0.10053
sparse,60,9,3,125,2.814685,8.108185,7.198667,0.909518,0.112173
sparse,60,10,3,147,2.524001,9.366529,8.77065,0.595879,0.063618
sparse,60,11,4,152,3.9186,6.569968,6.332075,0.237893,0.036209
sparse,60,12,5,151,4.382856,6.361068,6.166158,0.19491,0.030641
sparse,60,13,3,158,3.384116,6.680768,6.788122,0.107354,0.016069
sparse,60,14,5,156,5.152544,5.237561,5.318183,0.080622,0.015393
sparse,60,15,3,134,3.166658,7.105587,6.652489,0.453098,0.063766
sparse,60,16,3,141,3.35515,6.450285,6.454293,0.004008,0.000621
sparse,60,17,3,143,3.222136,7.074826,6.771295,0.303532,0.042903
sparse,60,18,6,140,5.611815,5.123829,5.06777,0.056058,0.010941
sparse,60,19,5,143,5.254935,5.100835,5.023042,0.077793,0.015251
sparse,60,20,5,155,5.215238,5.270466,5.239989,0.030477,0.005783
sparse,60,21,6,167,6.20845,4.579265,4.909302,0.330037,0.072072
sparse,60,22,8,165,8.138772,3.934192,4.290269,0.356077,0.090508
sparse,60,23,9,127,8.160328,4.103718,4.188406,0.084687,0.020637
sparse,60,24,4,149,4.240904,5.936656,5.796476,0.140181,0.023613
sparse,60,25,4,144,4.384579,5.624857,5.516492,0.108365,0.019265
sparse,60,26,5,150,4.390739,6.394424,6.137584,0.256841,0.040166
sparse,60,27,4,149,4.477127,5.486235,5.490642,0.004406,0.000803
sparse,60,28,3,141,3.183636,7.020294,6.802008,0.218286,0.031094
sparse,60,29,4,143,4.05315,6.119738,5.947693,0.172044,0.028113
sparse,60,30,4,141,2.771494,9.456294,8.639378,0.816916,0.086389
sparse,60,31,3,137,3.586713,6.183252,5.944789,0.238463,0.038566
sparse,60,32,7,157,6.768105,4.434318,4.73601,0.301692,0.068036
sparse,60,33,7,163,6.915915,4.472443,4.697513,0.22507,0.050324
sparse,60,34,5,155,5.041444,5.492239,5.420629,0.071611,0.013038
sparse,60,35,3,139,2.846664,7.727309,7.549146,0.178162,0.023056
sparse,60,36,3,138,3.002397,7.311695,7.129759,0.181936,0.024883
sparse,60,37,3,146,3.069322,7.3373,7.186661,0.150639,0.020531
sparse,60,38,5,145,4.705952,5.655981,5.643153,0.012828,0.002268
sparse,60,39,5,146,4.670543,5.965416,5.702956,0.26246,0.043997
sparse,60,40,3,142,3.089228,7.599531,7.036342,0.563189,0.074108
sparse,80,1,5,193,5.309648,5.514502,5.624463,0.109961,0.01994
sparse,80,2,8,183,7.710044,4.578386,4.684166,0.10578,0.023104
sparse,80,3,4,203,4.64774,5.936114,6.058718,0.122604,0.020654
sparse,80,4,5,196,4.992157,6.18559,6.017905,0.167685,0.027109
sparse,80,5,4,183,3.406559,7.835246,7.914047,0.078801,0.010057
sparse,80,6,8,189,7.388311,4.854391,4.938649,0.084257,0.017357
sparse,80,7,3,191,3.282798,7.654466,7.665934,0.011468,0.001498
sparse,80,8,3,167,3.232655,7.35338,7.304387,0.048993,0.006663
sparse,80,9,3,165,3.70717,6.287507,6.331839,0.044332,0.007051
sparse,80,10,5,195,4.686083,6.464913,6.398342,0.066571,0.010297
sparse,80,11,3,195,3.05872,7.787114,8.305904,0.51879,0.066622
sparse,80,12,6,194,5.906698,5.373973,5.453564,0.079591,0.01481
sparse,80,13,3,209,2.811761,8.602675,9.320633,0.717958,0.083458
sparse,80,14,6,201,5.503974,5.869736,5.927091,0.057355,0.009771
sparse,80,15,3,191,3.441296,7.301475,7.312857,0.011382,0.001559
sparse,80,16,4,175,4.244802,6.290973,6.229418,0.061555,0.009785
sparse,80,17,4,182,3.86966,6.922834,6.950558,0.027724,0.004005
sparse,80,18,3,195,3.108988,7.892345,8.171609,0.279264,0.035384
sparse,80,19,3,215,3.107953,8.267712,8.537701,0.269989,0.032656
sparse,80,20,5,200,4.788223,6.29775,6.323015,0.025265,0.004012
sparse,80,21,3,208,3.195308,7.777691,8.184476,0.406786,0.052302
sparse,80,22,6,205,5.78537,5.813327,5.678197,0.13513,0.023245
sparse,80,23,3,197,2.622984,9.223214,9.730699,0.507485,0.055023
sparse,80,24,5,195,5.531515,5.390602,5.420426,0.029824,0.005533
sparse,80,25,3,188,3.706517,6.38883,6.740181,0.351351,0.054995
sparse,80,26,6,192,5.609759,5.598492,5.720869,0.122377,0.021859
sparse,80,27,6,202,6.08393,5.213754,5.371521,0.157766,0.03026
sparse,80,28,4,197,4.059227,6.684767,6.851631,0.166864,0.024962
sparse,80,29,3,194,3.40098,7.207496,7.452549,0.245053,0.034
sparse,80,30,3,192,2.965917,8.482886,8.505331,0.022445,0.002646
sparse,80,32,3,196,3.651311,6.724996,6.974099,0.249102,0.037041
sparse,80,33,3,203,2.781564,8.749641,9.300698,0.551057,0.062981
sparse,80,34,5,199,5.025737,5.785899,6.012656,0.226756,0.039191
sparse,80,35,6,187,6.106594,5.264781,5.205438,0.059343,0.011272
sparse,80,36,3,180,3.206879,7.744918,7.633472,0.111447,0.01439
sparse,80,37,6,206,6.059008,5.169636,5.431047,0.261411,0.050567
sparse,80,38,6,182,5.678261,5.685839,5.542898,0.142941,0.02514
sparse,80,39,3,199,3.369373,7.191989,7.609812,0.417823,0.058096
sparse,80,40,3,194,2.685456,9.390468,9.438238,0.047769,0.005087
sparse,100,1,3,236,3.569505,7.1725,7.735721,0.563221,0.078525
sparse,100,2,4,235,3.523716,8.32276,8.471864,0.149103,0.017915
sparse,100,5,3,245,3.497622,7.570732,8.018473,0.447741,0.059141
sparse,100,8,4,225,4.078461,7.000847,7.196213,0.195365,0.027906
sparse,100,9,6,218,5.347572,6.285101,6.276052,0.009048,0.00144
sparse,100,10,3,257,2.99788,8.544003,9.539633,0.995629,0.11653
sparse,100,11,4,247,4.411001,6.383334,6.898318,0.514985,0.080676
sparse,100,14,3,241,2.550653,10.082256,10.920806,0.838551,0.083171
sparse,100,16,5,223,4.77704,6.514003,6.601383,0.08738,0.013414
sparse,100,17,4,222,3.719362,7.791412,7.849253,0.057841,0.007424
sparse,100,18,3,233,3.643566,7.010122,7.537869,0.527747,0.075284
sparse,100,20,4,235,3.440875,8.8402,8.675829,0.164371,0.018594
sparse,100,21,3,253,3.446147,7.325374,8.246088,0.920713,0.125688
sparse,100,22,4,254,3.625228,8.216405,8.482701,0.266296,0.03241
sparse,100,23,3,240,2.957397,8.686749,9.402559,0.71581,0.082403
sparse,100,25,5,243,5.107091,6.093671,6.369282,0.275612,0.045229
sparse,100,27,3,239,3.028749,8.701687,9.165106,0.463419,0.053256
sparse,100,28,3,245,3.736267,6.902669,7.506313,0.603644,0.087451
sparse,100,29,3,261,3.173204,8.225588,9.068851,0.843263,0.102517
sparse,100,31,3,249,3.03097,8.528276,9.314807,0.786531,0.092226
sparse,100,32,3,254,3.011608,8.48798,9.45105,0.96307,0.113463
sparse,100,33,3,251,3.239306,8.208349,8.744292,0.535943,0.065292
sparse,100,34,4,246,3.728735,7.751309,8.147954,0.396645,0.051171
sparse,100,38,4,225,3.96626,7.33197,7.399786,0.067816,0.009249
