family	size	seed	label	status	L	k	E	max_coeff_bits	coeff_bound_bits	dig	legacy_dig96_exact
sparse	20	1	sparse_N20_seed1	ok	4	6	42	18	23	24	1
sparse	20	2	sparse_N20_seed2	ok	6	8	47	19	29	30	1
sparse	20	3	sparse_N20_seed3	ok	3	5	42	17	20	21	1
sparse	20	4	sparse_N20_seed4	ok	3	5	39	16	20	21	1
sparse	20	5	sparse_N20_seed5	ok	3	5	45	17	21	22	1
sparse	20	6	sparse_N20_seed6	ok	3	5	45	18	21	22	1
sparse	20	7	sparse_N20_seed7	ok	3	5	46	18	21	22	1
sparse	20	8	sparse_N20_seed8	ok	3	5	45	17	21	22	1
sparse	20	9	sparse_N20_seed9	ok	3	5	43	17	20	21	1
sparse	20	10	sparse_N20_seed10	ok	3	5	41	17	20	21	1
sparse	20	11	sparse_N20_seed11	ok	3	5	58	19	23	24	1
sparse	20	12	sparse_N20_seed12	ok	4	6	54	20	25	26	1
sparse	20	13	sparse_N20_seed13	ok	5	7	42	17	25	26	1
sparse	20	14	sparse_N20_seed14	ok	5	7	49	19	27	28	1
sparse	20	15	sparse_N20_seed15	ok	3	5	34	16	19	20	1
sparse	20	16	sparse_N20_seed16	ok	3	5	51	18	22	23	1
sparse	20	17	sparse_N20_seed17	ok	3	5	43	17	20	21	1
sparse	20	18	sparse_N20_seed18	ok	3	5	51	18	22	23	1
sparse	20	19	sparse_N20_seed19	ok	4	6	55	20	25	26	1
sparse	20	20	sparse_N20_seed20	ok	5	7	46	19	26	27	1
sparse	20	21	sparse_N20_seed21	ok	4	6	41	17	23	24	1
sparse	20	22	sparse_N20_seed22	ok	3	5	46	18	21	22	1
sparse	20	23	sparse_N20_seed23	ok	3	5	45	17	21	22	1
sparse	20	24	sparse_N20_seed24	ok	3	5	46	18	21	22	1
sparse	20	25	sparse_N20_seed25	ok	3	5	50	18	22	23	1
sparse	20	26	sparse_N20_seed26	ok	3	5	37	16	19	20	1
sparse	20	27	sparse_N20_seed27	ok	3	5	43	17	20	21	1
sparse	20	28	sparse_N20_seed28	ok	4	6	48	19	24	25	1
sparse	20	29	sparse_N20_seed29	ok	3	5	42	17	20	21	1
sparse	20	30	sparse_N20_seed30	ok	4	6	42	17	23	24	1
sparse	20	31	sparse_N20_seed31	ok	3	5	48	18	21	22	1
sparse	20	32	sparse_N20_seed32	ok	3	5	49	18	21	22	1
sparse	20	33	sparse_N20_seed33	ok	6	8	41	17	27	28	1
sparse	20	34	sparse_N20_seed34	ok	4	6	39	17	22	23	1
sparse	20	35	sparse_N20_seed35	ok	3	5	51	18	22	23	1
sparse	20	36	sparse_N20_seed36	ok	3	5	41	17	20	21	1
sparse	20	37	sparse_N20_seed37	ok	3	5	50	18	22	23	1
sparse	20	38	sparse_N20_seed38	ok	5	7	52	19	27	28	1
sparse	20	39	sparse_N20_seed39	ok	3	5	51	18	22	23	1
sparse	20	40	sparse_N20_seed40	ok	3	5	46	17	21	22	1
sparse	30	1	sparse_N30_seed1	ok	3	5	72	22	24	25	1
sparse	30	2	sparse_N30_seed2	ok	4	6	70	24	27	28	1
sparse	30	3	sparse_N30_seed3	ok	7	9	69	28	36	37	1
sparse	30	4	sparse_N30_seed4	ok	8	10	67	28	38	39	1
sparse	30	5	sparse_N30_seed5	ok	6	8	73	28	34	35	1
sparse	30	6	sparse_N30_seed6	ok	4	6	73	25	28	29	1
sparse	30	7	sparse_N30_seed7	ok	3	5	69	22	24	25	1
sparse	30	8	sparse_N30_seed8	ok	3	5	70	22	24	25	1
sparse	30	9	sparse_N30_seed9	ok	3	5	69	22	24	25	1
sparse	30	10	sparse_N30_seed10	ok	7	9	72	28	37	38	1
sparse	30	11	sparse_N30_seed11	ok	4	6	79	25	29	30	1
sparse	30	12	sparse_N30_seed12	ok	4	6	76	25	28	29	1
sparse	30	13	sparse_N30_seed13	ok	4	6	71	24	28	29	1
sparse	30	14	sparse_N30_seed14	ok	4	6	69	24	27	28	1
sparse	30	15	sparse_N30_seed15	ok	4	6	60	23	26	27	1
sparse	30	16	sparse_N30_seed16	ok	4	6	73	25	28	29	1
sparse	30	17	sparse_N30_seed17	ok	3	5	67	22	24	25	1
sparse	30	18	sparse_N30_seed18	ok	4	6	69	24	27	28	1
sparse	30	19	sparse_N30_seed19	ok	3	5	69	22	24	25	1
sparse	30	20	sparse_N30_seed20	ok	7	9	70	28	36	37	1
sparse	30	21	sparse_N30_seed21	ok	4	6	76	25	28	29	1
sparse	30	22	sparse_N30_seed22	ok	3	5	74	22	24	25	1
sparse	30	23	sparse_N30_seed23	ok	3	5	66	22	24	25	1
sparse	30	24	sparse_N30_seed24	ok	3	5	68	22	24	25	1
sparse	30	25	sparse_N30_seed25	ok	5	7	69	26	31	32	1
sparse	30	26	sparse_N30_seed26	ok	3	5	62	21	23	24	1
sparse	30	27	sparse_N30_seed27	ok	3	5	72	22	24	25	1
sparse	30	28	sparse_N30_seed28	ok	3	5	71	22	24	25	1
sparse	30	29	sparse_N30_seed29	ok	4	6	60	23	26	27	1
sparse	30	30	sparse_N30_seed30	ok	4	6	62	23	26	27	1
sparse	30	31	sparse_N30_seed31	ok	3	5	80	23	25	26	1
sparse	30	32	sparse_N30_seed32	ok	3	5	71	22	24	25	1
sparse	30	33	sparse_N30_seed33	ok	5	7	70	26	31	32	1
sparse	30	34	sparse_N30_seed34	ok	3	5	65	21	23	24	1
sparse	30	35	sparse_N30_seed35	ok	7	9	67	27	36	37	1
sparse	30	36	sparse_N30_seed36	ok	4	6	68	24	27	28	1
sparse	30	37	sparse_N30_seed37	ok	4	6	67	24	27	28	1
sparse	30	38	sparse_N30_seed38	ok	4	6	76	25	28	29	1
sparse	30	39	sparse_N30_seed39	ok	3	5	70	22	24	25	1
sparse	30	40	sparse_N30_seed40	ok	3	5	70	22	24	25	1
sparse	40	1	sparse_N40_seed1	ok	5	7	91	30	33	34	1
sparse	40	2	sparse_N40_seed2	ok	3	5	87	24	26	27	1
sparse	40	3	sparse_N40_seed3	ok	3	5	98	25	27	28	1
sparse	40	4	sparse_N40_seed4	ok	5	7	88	30	33	34	1
sparse	40	5	sparse_N40_seed5	ok	3	5	112	26	27	28	1
sparse	40	6	sparse_N40_seed6	ok	3	5	94	25	26	27	1
sparse	40	7	sparse_N40_seed7	ok	4	6	92	28	30	31	1
sparse	40	8	sparse_N40_seed8	ok	5	7	96	31	34	35	1
sparse	40	9	sparse_N40_seed9	ok	3	5	93	25	26	27	1
sparse	40	10	sparse_N40_seed10	ok	3	5	90	24	26	27	1
sparse	40	11	sparse_N40_seed11	ok	5	7	102	31	35	36	1
sparse	40	12	sparse_N40_seed12	ok	3	5	102	25	27	28	1
sparse	40	13	sparse_N40_seed13	ok	3	5	101	25	27	28	1
sparse	40	14	sparse_N40_seed14	ok	4	6	99	28	31	32	1
sparse	40	15	sparse_N40_seed15	ok	3	5	96	25	26	27	1
sparse	40	16	sparse_N40_seed16	ok	6	8	107	34	39	40	1
sparse	40	17	sparse_N40_seed17	ok	3	5	93	25	26	27	1
sparse	40	18	sparse_N40_seed18	ok	5	7	90	30	33	34	1
sparse	40	19	sparse_N40_seed19	ok	4	6	81	27	29	30	1
sparse	40	20	sparse_N40_seed20	ok	5	7	103	31	35	36	1
sparse	40	21	sparse_N40_seed21	ok	3	5	103	25	27	28	1
sparse	40	22	sparse_N40_seed22	ok	3	5	108	26	27	28	1
sparse	40	23	sparse_N40_seed23	ok	3	5	85	24	25	26	1
sparse	40	24	sparse_N40_seed24	ok	5	7	90	30	33	34	1
sparse	40	25	sparse_N40_seed25	ok	7	9	90	34	40	41	1
sparse	40	26	sparse_N40_seed26	ok	6	8	92	33	37	38	1
sparse	40	27	sparse_N40_seed27	ok	4	6	104	29	31	32	1
sparse	40	28	sparse_N40_seed28	ok	3	5	88	24	26	27	1
sparse	40	29	sparse_N40_seed29	ok	3	5	86	24	26	27	1
sparse	40	30	sparse_N40_seed30	ok	3	5	85	24	25	26	1
sparse	40	31	sparse_N40_seed31	ok	4	6	100	28	31	32	1
sparse	40	32	sparse_N40_seed32	ok	6	8	101	34	38	39	1
sparse	40	33	sparse_N40_seed33	ok	3	5	109	26	27	28	1
sparse	40	34	sparse_N40_seed34	ok	3	5	89	24	26	27	1
sparse	40	35	sparse_N40_seed35	ok	3	5	101	25	27	28	1
sparse	40	36	sparse_N40_seed36	ok	3	5	89	24	26	27	1
sparse	40	37	sparse_N40_seed37	ok	3	5	97	25	26	27	1
sparse	40	38	sparse_N40_seed38	ok	3	5	96	25	26	27	1
sparse	40	39	sparse_N40_seed39	ok	7	9	100	35	41	42	1
sparse	40	40	sparse_N40_seed40	ok	3	5	95	25	26	27	1
sparse	60	1	sparse_N60_seed1	ok	5	7	144	36	38	39	1
sparse	60	2	sparse_N60_seed2	ok	7	9	137	42	46	47	1
sparse	60	3	sparse_N60_seed3	ok	6	8	147	40	43	44	1
sparse	60	4	sparse_N60_seed4	ok	3	5	148	29	30	31	1
sparse	60	5	sparse_N60_seed5	ok	5	7	162	37	39	40	1
sparse	60	6	sparse_N60_seed6	ok	4	6	129	32	33	34	1
sparse	60	7	sparse_N60_seed7	ok	3	5	143	28	29	30	1
sparse	60	8	sparse_N60_seed8	ok	3	5	130	28	29	30	1
sparse	60	9	sparse_N60_seed9	ok	3	5	125	27	28	29	1
sparse	60	10	sparse_N60_seed10	ok	3	5	147	29	29	30	1
sparse	60	11	sparse_N60_seed11	ok	4	6	152	33	34	35	1
sparse	60	12	sparse_N60_seed12	ok	5	7	151	37	39	40	1
sparse	60	13	sparse_N60_seed13	ok	3	5	158	29	30	31	1
sparse	60	14	sparse_N60_seed14	ok	5	7	156	37	39	40	1
sparse	60	15	sparse_N60_seed15	ok	3	5	134	28	29	30	1
sparse	60	16	sparse_N60_seed16	ok	3	5	141	28	29	30	1
sparse	60	17	sparse_N60_seed17	ok	3	5	143	28	29	30	1
sparse	60	18	sparse_N60_seed18	ok	6	8	140	39	42	43	1
sparse	60	19	sparse_N60_seed19	ok	5	7	143	36	38	39	1
sparse	60	20	sparse_N60_seed20	ok	5	7	155	37	39	40	1
sparse	60	21	sparse_N60_seed21	ok	6	8	167	41	44	45	1
sparse	60	22	sparse_N60_seed22	ok	8	10	165	47	52	53	1
sparse	60	23	sparse_N60_seed23	ok	9	11	127	46	51	52	1
sparse	60	24	sparse_N60_seed24	ok	4	6	149	33	34	35	1
sparse	60	25	sparse_N60_seed25	ok	4	6	144	32	34	35	1
sparse	60	26	sparse_N60_seed26	ok	5	7	150	37	39	40	1
sparse	60	27	sparse_N60_seed27	ok	4	6	149	33	34	35	1
sparse	60	28	sparse_N60_seed28	ok	3	5	141	28	29	30	1
sparse	60	29	sparse_N60_seed29	ok	4	6	143	32	34	35	1
sparse	60	30	sparse_N60_seed30	ok	4	6	141	32	34	35	1
sparse	60	31	sparse_N60_seed31	ok	3	5	137	28	29	30	1
sparse	60	32	sparse_N60_seed32	ok	7	9	157	44	47	48	1
sparse	60	33	sparse_N60_seed33	ok	7	9	163	44	48	49	1
sparse	60	34	sparse_N60_seed34	ok	5	7	155	37	39	40	1
sparse	60	35	sparse_N60_seed35	ok	3	5	139	28	29	30	1
sparse	60	36	sparse_N60_seed36	ok	3	5	138	28	29	30	1
sparse	60	37	sparse_N60_seed37	ok	3	5	146	29	29	30	1
sparse	60	38	sparse_N60_seed38	ok	5	7	145	36	38	39	1
sparse	60	39	sparse_N60_seed39	ok	5	7	146	36	38	39	1
sparse	60	40	sparse_N60_seed40	ok	3	5	142	28	29	30	1
dense	20	1	dense_N20_seed1	ok	3	5	76	21	25	26	1
dense	20	2	dense_N20_seed2	ok	3	5	73	21	24	25	1
dense	20	3	dense_N20_seed3	ok	3	5	73	21	24	25	1
dense	20	4	dense_N20_seed4	ok	3	5	57	19	22	23	1
dense	20	5	dense_N20_seed5	ok	3	5	68	20	24	25	1
dense	20	6	dense_N20_seed6	ok	3	5	74	21	24	25	1
dense	20	7	dense_N20_seed7	ok	3	5	73	21	24	25	1
dense	20	8	dense_N20_seed8	ok	3	5	76	21	25	26	1
dense	20	9	dense_N20_seed9	ok	3	5	64	20	23	24	1
dense	20	10	dense_N20_seed10	ok	3	5	71	21	24	25	1
dense	20	11	dense_N20_seed11	ok	3	5	84	22	25	26	1
dense	20	12	dense_N20_seed12	ok	3	5	81	22	25	26	1
dense	20	13	dense_N20_seed13	ok	6	8	65	21	33	34	1
dense	20	14	dense_N20_seed14	ok	7	9	75	23	37	38	1
dense	20	15	dense_N20_seed15	ok	4	6	65	21	27	28	1
dense	20	16	dense_N20_seed16	ok	4	6	72	22	28	29	1
dense	20	17	dense_N20_seed17	ok	3	5	70	21	24	25	1
dense	20	18	dense_N20_seed18	ok	3	5	75	21	25	26	1
dense	20	19	dense_N20_seed19	ok	4	6	79	23	29	30	1
dense	20	20	dense_N20_seed20	ok	3	5	82	22	25	26	1
dense	20	21	dense_N20_seed21	ok	5	7	71	23	31	32	1
dense	20	22	dense_N20_seed22	ok	3	5	71	21	24	25	1
dense	20	23	dense_N20_seed23	ok	5	7	70	23	31	32	1
dense	20	24	dense_N20_seed24	ok	3	5	71	21	24	25	1
dense	20	25	dense_N20_seed25	ok	3	5	81	22	25	26	1
dense	20	26	dense_N20_seed26	ok	3	5	78	21	25	26	1
dense	20	27	dense_N20_seed27	ok	3	5	69	21	24	25	1
dense	20	28	dense_N20_seed28	ok	3	5	64	20	23	24	1
dense	20	29	dense_N20_seed29	ok	3	5	78	21	25	26	1
dense	20	30	dense_N20_seed30	ok	5	7	69	22	31	32	1
dense	20	31	dense_N20_seed31	ok	3	5	69	20	24	25	1
dense	20	32	dense_N20_seed32	ok	3	5	77	21	25	26	1
dense	20	33	dense_N20_seed33	ok	4	6	72	22	28	29	1
dense	20	34	dense_N20_seed34	ok	3	5	72	21	24	25	1
dense	20	35	dense_N20_seed35	ok	3	5	77	21	25	26	1
dense	20	36	dense_N20_seed36	ok	3	5	73	21	24	25	1
dense	20	37	dense_N20_seed37	ok	3	5	85	22	25	26	1
dense	20	38	dense_N20_seed38	ok	3	5	80	22	25	26	1
dense	20	39	dense_N20_seed39	ok	6	8	77	24	35	36	1
dense	20	40	dense_N20_seed40	ok	3	5	79	21	25	26	1
dense	30	1	dense_N30_seed1	ok	3	5	116	26	28	29	1
dense	30	2	dense_N30_seed2	ok	3	5	119	26	28	29	1
dense	30	3	dense_N30_seed3	ok	3	5	112	25	27	28	1
dense	30	4	dense_N30_seed4	ok	3	5	98	24	27	28	1
dense	30	5	dense_N30_seed5	ok	6	8	113	33	39	40	1
dense	30	6	dense_N30_seed6	ok	3	5	111	25	27	28	1
dense	30	7	dense_N30_seed7	ok	3	5	119	26	28	29	1
dense	30	8	dense_N30_seed8	ok	5	7	111	31	35	36	1
dense	30	9	dense_N30_seed9	ok	3	5	112	25	27	28	1
dense	30	10	dense_N30_seed10	ok	3	5	114	25	28	29	1
dense	30	11	dense_N30_seed11	ok	4	6	126	29	33	34	1
dense	30	12	dense_N30_seed12	ok	4	6	122	29	32	33	1
dense	30	13	dense_N30_seed13	ok	3	5	111	25	27	28	1
dense	30	14	dense_N30_seed14	ok	8	10	110	35	46	47	1
dense	30	15	dense_N30_seed15	ok	3	5	94	24	26	27	1
dense	30	16	dense_N30_seed16	ok	5	7	113	31	36	37	1
dense	30	17	dense_N30_seed17	ok	3	5	108	25	27	28	1
dense	30	18	dense_N30_seed18	ok	3	5	121	26	28	29	1
dense	30	19	dense_N30_seed19	ok	3	5	117	26	28	29	1
dense	30	20	dense_N30_seed20	ok	4	6	114	29	32	33	1
dense	30	21	dense_N30_seed21	ok	3	5	107	25	27	28	1
dense	30	22	dense_N30_seed22	ok	4	6	124	29	33	34	1
dense	30	23	dense_N30_seed23	ok	3	5	98	24	27	28	1
dense	30	24	dense_N30_seed24	ok	3	5	111	25	27	28	1
dense	30	25	dense_N30_seed25	ok	3	5	104	25	27	28	1
dense	30	26	dense_N30_seed26	ok	6	8	102	32	38	39	1
dense	30	27	dense_N30_seed27	ok	3	5	104	25	27	28	1
dense	30	28	dense_N30_seed28	ok	4	6	110	28	31	32	1
dense	30	29	dense_N30_seed29	ok	3	5	103	25	27	28	1
dense	30	30	dense_N30_seed30	ok	3	5	110	25	27	28	1
dense	30	31	dense_N30_seed31	ok	3	5	107	25	27	28	1
dense	30	32	dense_N30_seed32	ok	3	5	121	26	28	29	1
dense	30	33	dense_N30_seed33	ok	4	6	114	29	32	33	1
dense	30	34	dense_N30_seed34	ok	3	5	99	24	27	28	1
dense	30	35	dense_N30_seed35	ok	3	5	117	26	28	29	1
dense	30	36	dense_N30_seed36	ok	3	5	106	25	27	28	1
dense	30	37	dense_N30_seed37	ok	5	7	120	32	36	37	1
dense	30	38	dense_N30_seed38	ok	3	5	116	26	28	29	1
dense	30	39	dense_N30_seed39	ok	3	5	114	26	28	29	1
dense	30	40	dense_N30_seed40	ok	3	5	117	26	28	29	1
dense	40	1	dense_N40_seed1	ok	4	6	149	32	34	35	1
dense	40	2	dense_N40_seed2	ok	3	5	153	28	30	31	1
dense	40	3	dense_N40_seed3	ok	3	5	162	29	30	31	1
dense	40	4	dense_N40_seed4	ok	3	5	149	28	30	31	1
dense	40	5	dense_N40_seed5	ok	3	5	164	29	30	31	1
dense	40	6	dense_N40_seed6	ok	4	6	151	32	34	35	1
dense	40	7	dense_N40_seed7	ok	5	7	144	35	38	39	1
dense	40	8	dense_N40_seed8	ok	4	6	146	32	34	35	1
dense	40	9	dense_N40_seed9	ok	3	5	150	28	30	31	1
dense	40	10	dense_N40_seed10	ok	6	8	155	39	43	44	1
dense	40	11	dense_N40_seed11	ok	5	7	168	36	40	41	1
dense	40	12	dense_N40_seed12	ok	3	5	168	29	30	31	1
dense	40	13	dense_N40_seed13	ok	5	7	158	36	39	40	1
dense	40	14	dense_N40_seed14	ok	3	5	150	28	30	31	1
dense	40	15	dense_N40_seed15	ok	3	5	142	28	29	30	1
dense	40	16	dense_N40_seed16	ok	5	7	165	36	40	41	1
dense	40	17	dense_N40_seed17	ok	6	8	151	38	43	44	1
dense	40	18	dense_N40_seed18	ok	3	5	155	28	30	31	1
dense	40	19	dense_N40_seed19	ok	7	9	155	41	47	48	1
dense	40	20	dense_N40_seed20	ok	3	5	160	29	30	31	1
dense	40	21	dense_N40_seed21	ok	5	7	154	36	39	40	1
dense	40	22	dense_N40_seed22	ok	3	5	172	29	31	32	1
dense	40	23	dense_N40_seed23	ok	3	5	144	28	29	30	1
dense	40	24	dense_N40_seed24	ok	3	5	144	28	29	30	1
dense	40	25	dense_N40_seed25	ok	3	5	145	28	29	30	1
dense	40	26	dense_N40_seed26	ok	5	7	139	34	38	39	1
dense	40	27	dense_N40_seed27	ok	4	6	153	32	34	35	1
dense	40	28	dense_N40_seed28	ok	3	5	150	28	30	31	1
dense	40	29	dense_N40_seed29	ok	3	5	139	28	29	30	1
dense	40	30	dense_N40_seed30	ok	3	5	135	27	29	30	1
dense	40	31	dense_N40_seed31	ok	4	6	158	32	35	36	1
dense	40	32	dense_N40_seed32	ok	5	7	145	35	38	39	1
dense	40	33	dense_N40_seed33	ok	3	5	145	28	29	30	1
dense	40	34	dense_N40_seed34	ok	3	5	133	27	29	30	1
dense	40	35	dense_N40_seed35	ok	3	5	159	29	30	31	1
dense	40	36	dense_N40_seed36	ok	3	5	126	27	28	29	1
dense	40	37	dense_N40_seed37	ok	3	5	164	29	30	31	1
dense	40	38	dense_N40_seed38	ok	3	5	154	28	30	31	1
dense	40	39	dense_N40_seed39	ok	4	6	160	32	35	36	1
dense	40	40	dense_N40_seed40	ok	6	8	165	39	44	45	1
grid	4	1	grid_k4_N16_seed1	ok	6	8	24	12	20	21	1
grid	4	2	grid_k4_N16_seed2	ok	6	8	24	12	20	21	1
grid	4	3	grid_k4_N16_seed3	ok	6	8	24	12	20	21	1
grid	4	4	grid_k4_N16_seed4	ok	6	8	24	12	20	21	1
grid	4	5	grid_k4_N16_seed5	ok	6	8	24	12	20	21	1
grid	4	6	grid_k4_N16_seed6	ok	6	8	24	12	20	21	1
grid	4	7	grid_k4_N16_seed7	ok	6	8	24	12	20	21	1
grid	4	8	grid_k4_N16_seed8	ok	6	8	24	12	20	21	1
grid	4	9	grid_k4_N16_seed9	ok	6	8	24	12	20	21	1
grid	4	10	grid_k4_N16_seed10	ok	6	8	24	12	20	21	1
grid	4	11	grid_k4_N16_seed11	ok	6	8	24	12	20	21	1
grid	4	12	grid_k4_N16_seed12	ok	6	8	24	12	20	21	1
grid	4	13	grid_k4_N16_seed13	ok	6	8	24	12	20	21	1
grid	4	14	grid_k4_N16_seed14	ok	6	8	24	12	20	21	1
grid	4	15	grid_k4_N16_seed15	ok	6	8	24	12	20	21	1
grid	4	16	grid_k4_N16_seed16	ok	6	8	24	12	20	21	1
grid	4	17	grid_k4_N16_seed17	ok	6	8	24	12	20	21	1
grid	4	18	grid_k4_N16_seed18	ok	6	8	24	12	20	21	1
grid	4	19	grid_k4_N16_seed19	ok	6	8	24	12	20	21	1
grid	4	20	grid_k4_N16_seed20	ok	6	8	24	12	20	21	1
grid	4	21	grid_k4_N16_seed21	ok	6	8	24	12	20	21	1
grid	4	22	grid_k4_N16_seed22	ok	6	8	24	12	20	21	1
grid	4	23	grid_k4_N16_seed23	ok	6	8	24	12	20	21	1
grid	4	24	grid_k4_N16_seed24	ok	6	8	24	12	20	21	1
grid	4	25	grid_k4_N16_seed25	ok	6	8	24	12	20	21	1
grid	4	26	grid_k4_N16_seed26	ok	6	8	24	12	20	21	1
grid	4	27	grid_k4_N16_seed27	ok	6	8	24	12	20	21	1
grid	4	28	grid_k4_N16_seed28	ok	6	8	24	12	20	21	1
grid	4	29	grid_k4_N16_seed29	ok	6	8	24	12	20	21	1
grid	4	30	grid_k4_N16_seed30	ok	6	8	24	12	20	21	1
grid	4	31	grid_k4_N16_seed31	ok	6	8	24	12	20	21	1
grid	4	32	grid_k4_N16_seed32	ok	6	8	24	12	20	21	1
grid	4	33	grid_k4_N16_seed33	ok	6	8	24	12	20	21	1
grid	4	34	grid_k4_N16_seed34	ok	6	8	24	12	20	21	1
grid	4	35	grid_k4_N16_seed35	ok	6	8	24	12	20	21	1
grid	4	36	grid_k4_N16_seed36	ok	6	8	24	12	20	21	1
grid	4	37	grid_k4_N16_seed37	ok	6	8	24	12	20	21	1
grid	4	38	grid_k4_N16_seed38	ok	6	8	24	12	20	21	1
grid	4	39	grid_k4_N16_seed39	ok	6	8	24	12	20	21	1
grid	4	40	grid_k4_N16_seed40	ok	6	8	24	12	20	21	1
grid	5	1	grid_k5_N25_seed1	ok	8	10	40	20	30	31	1
grid	5	2	grid_k5_N25_seed2	ok	8	10	40	20	30	31	1
grid	5	3	grid_k5_N25_seed3	ok	8	10	40	20	30	31	1
grid	5	4	grid_k5_N25_seed4	ok	8	10	40	20	30	31	1
grid	5	5	grid_k5_N25_seed5	ok	8	10	40	20	30	31	1
grid	5	6	grid_k5_N25_seed6	ok	8	10	40	20	30	31	1
grid	5	7	grid_k5_N25_seed7	ok	8	10	40	20	30	31	1
grid	5	8	grid_k5_N25_seed8	ok	8	10	40	20	30	31	1
grid	5	9	grid_k5_N25_seed9	ok	8	10	40	20	30	31	1
grid	5	10	grid_k5_N25_seed10	ok	8	10	40	20	30	31	1
grid	5	11	grid_k5_N25_seed11	ok	8	10	40	20	30	31	1
grid	5	12	grid_k5_N25_seed12	ok	8	10	40	20	30	31	1
grid	5	13	grid_k5_N25_seed13	ok	8	10	40	20	30	31	1
grid	5	14	grid_k5_N25_seed14	ok	8	10	40	20	30	31	1
grid	5	15	grid_k5_N25_seed15	ok	8	10	40	20	30	31	1
grid	5	16	grid_k5_N25_seed16	ok	8	10	40	20	30	31	1
grid	5	17	grid_k5_N25_seed17	ok	8	10	40	20	30	31	1
grid	5	18	grid_k5_N25_seed18	ok	8	10	40	20	30	31	1
grid	5	19	grid_k5_N25_seed19	ok	8	10	40	20	30	31	1
grid	5	20	grid_k5_N25_seed20	ok	8	10	40	20	30	31	1
grid	5	21	grid_k5_N25_seed21	ok	8	10	40	20	30	31	1
grid	5	22	grid_k5_N25_seed22	ok	8	10	40	20	30	31	1
grid	5	23	grid_k5_N25_seed23	ok	8	10	40	20	30	31	1
grid	5	24	grid_k5_N25_seed24	ok	8	10	40	20	30	31	1
grid	5	25	grid_k5_N25_seed25	ok	8	10	40	20	30	31	1
grid	5	26	grid_k5_N25_seed26	ok	8	10	40	20	30	31	1
grid	5	27	grid_k5_N25_seed27	ok	8	10	40	20	30	31	1
grid	5	28	grid_k5_N25_seed28	ok	8	10	40	20	30	31	1
grid	5	29	grid_k5_N25_seed29	ok	8	10	40	20	30	31	1
grid	5	30	grid_k5_N25_seed30	ok	8	10	40	20	30	31	1
grid	5	31	grid_k5_N25_seed31	ok	8	10	40	20	30	31	1
grid	5	32	grid_k5_N25_seed32	ok	8	10	40	20	30	31	1
grid	5	33	grid_k5_N25_seed33	ok	8	10	40	20	30	31	1
grid	5	34	grid_k5_N25_seed34	ok	8	10	40	20	30	31	1
grid	5	35	grid_k5_N25_seed35	ok	8	10	40	20	30	31	1
grid	5	36	grid_k5_N25_seed36	ok	8	10	40	20	30	31	1
grid	5	37	grid_k5_N25_seed37	ok	8	10	40	20	30	31	1
grid	5	38	grid_k5_N25_seed38	ok	8	10	40	20	30	31	1
grid	5	39	grid_k5_N25_seed39	ok	8	10	40	20	30	31	1
grid	5	40	grid_k5_N25_seed40	ok	8	10	40	20	30	31	1
grid	6	1	grid_k6_N36_seed1	ok	10	12	60	30	41	42	1
grid	6	2	grid_k6_N36_seed2	ok	10	12	60	30	41	42	1
grid	6	3	grid_k6_N36_seed3	ok	10	12	60	30	41	42	1
grid	6	4	grid_k6_N36_seed4	ok	10	12	60	30	41	42	1
grid	6	5	grid_k6_N36_seed5	ok	10	12	60	30	41	42	1
grid	6	6	grid_k6_N36_seed6	ok	10	12	60	30	41	42	1
grid	6	7	grid_k6_N36_seed7	ok	10	12	60	30	41	42	1
grid	6	8	grid_k6_N36_seed8	ok	10	12	60	30	41	42	1
grid	6	9	grid_k6_N36_seed9	ok	10	12	60	30	41	42	1
grid	6	10	grid_k6_N36_seed10	ok	10	12	60	30	41	42	1
grid	6	11	grid_k6_N36_seed11	ok	10	12	60	30	41	42	1
grid	6	12	grid_k6_N36_seed12	ok	10	12	60	30	41	42	1
grid	6	13	grid_k6_N36_seed13	ok	10	12	60	30	41	42	1
grid	6	14	grid_k6_N36_seed14	ok	10	12	60	30	41	42	1
grid	6	15	grid_k6_N36_seed15	ok	10	12	60	30	41	42	1
grid	6	16	grid_k6_N36_seed16	ok	10	12	60	30	41	42	1
grid	6	17	grid_k6_N36_seed17	ok	10	12	60	30	41	42	1
grid	6	18	grid_k6_N36_seed18	ok	10	12	60	30	41	42	1
grid	6	19	grid_k6_N36_seed19	ok	10	12	60	30	41	42	1
grid	6	20	grid_k6_N36_seed20	ok	10	12	60	30	41	42	1
grid	6	21	grid_k6_N36_seed21	ok	10	12	60	30	41	42	1
grid	6	22	grid_k6_N36_seed22	ok	10	12	60	30	41	42	1
grid	6	23	grid_k6_N36_seed23	ok	10	12	60	30	41	42	1
grid	6	24	grid_k6_N36_seed24	ok	10	12	60	30	41	42	1
grid	6	25	grid_k6_N36_seed25	ok	10	12	60	30	41	42	1
grid	6	26	grid_k6_N36_seed26	ok	10	12	60	30	41	42	1
grid	6	27	grid_k6_N36_seed27	ok	10	12	60	30	41	42	1
grid	6	28	grid_k6_N36_seed28	ok	10	12	60	30	41	42	1
grid	6	29	grid_k6_N36_seed29	ok	10	12	60	30	41	42	1
grid	6	30	grid_k6_N36_seed30	ok	10	12	60	30	41	42	1
grid	6	31	grid_k6_N36_seed31	ok	10	12	60	30	41	42	1
grid	6	32	grid_k6_N36_seed32	ok	10	12	60	30	41	42	1
grid	6	33	grid_k6_N36_seed33	ok	10	12	60	30	41	42	1
grid	6	34	grid_k6_N36_seed34	ok	10	12	60	30	41	42	1
grid	6	35	grid_k6_N36_seed35	ok	10	12	60	30	41	42	1
grid	6	36	grid_k6_N36_seed36	ok	10	12	60	30	41	42	1
grid	6	37	grid_k6_N36_seed37	ok	10	12	60	30	41	42	1
grid	6	38	grid_k6_N36_seed38	ok	10	12	60	30	41	42	1
grid	6	39	grid_k6_N36_seed39	ok	10	12	60	30	41	42	1
grid	6	40	grid_k6_N36_seed40	ok	10	12	60	30	41	42	1
grid	7	1	grid_k7_N49_seed1	ok	12	14	84	41	52	53	1
grid	7	2	grid_k7_N49_seed2	ok	12	14	84	41	52	53	1
grid	7	3	grid_k7_N49_seed3	ok	12	14	84	41	52	53	1
grid	7	4	grid_k7_N49_seed4	ok	12	14	84	41	52	53	1
grid	7	5	grid_k7_N49_seed5	ok	12	14	84	41	52	53	1
grid	7	6	grid_k7_N49_seed6	ok	12	14	84	41	52	53	1
grid	7	7	grid_k7_N49_seed7	ok	12	14	84	41	52	53	1
grid	7	8	grid_k7_N49_seed8	ok	12	14	84	41	52	53	1
grid	7	9	grid_k7_N49_seed9	ok	12	14	84	41	52	53	1
grid	7	10	grid_k7_N49_seed10	ok	12	14	84	41	52	53	1
grid	7	11	grid_k7_N49_seed11	ok	12	14	84	41	52	53	1
grid	7	12	grid_k7_N49_seed12	ok	12	14	84	41	52	53	1
grid	7	13	grid_k7_N49_seed13	ok	12	14	84	41	52	53	1
grid	7	14	grid_k7_N49_seed14	ok	12	14	84	41	52	53	1
grid	7	15	grid_k7_N49_seed15	ok	12	14	84	41	52	53	1
grid	7	16	grid_k7_N49_seed16	ok	12	14	84	41	52	53	1
grid	7	17	grid_k7_N49_seed17	ok	12	14	84	41	52	53	1
grid	7	18	grid_k7_N49_seed18	ok	12	14	84	41	52	53	1
grid	7	19	grid_k7_N49_seed19	ok	12	14	84	41	52	53	1
grid	7	20	grid_k7_N49_seed20	ok	12	14	84	41	52	53	1
grid	7	21	grid_k7_N49_seed21	ok	12	14	84	41	52	53	1
grid	7	22	grid_k7_N49_seed22	ok	12	14	84	41	52	53	1
grid	7	23	grid_k7_N49_seed23	ok	12	14	84	41	52	53	1
grid	7	24	grid_k7_N49_seed24	ok	12	14	84	41	52	53	1
grid	7	25	grid_k7_N49_seed25	ok	12	14	84	41	52	53	1
grid	7	26	grid_k7_N49_seed26	ok	12	14	84	41	52	53	1
grid	7	27	grid_k7_N49_seed27	ok	12	14	84	41	52	53	1
grid	7	28	grid_k7_N49_seed28	ok	12	14	84	41	52	53	1
grid	7	29	grid_k7_N49_seed29	ok	12	14	84	41	52	53	1
grid	7	30	grid_k7_N49_seed30	ok	12	14	84	41	52	53	1
grid	7	31	grid_k7_N49_seed31	ok	12	14	84	41	52	53	1
grid	7	32	grid_k7_N49_seed32	ok	12	14	84	41	52	53	1
grid	7	33	grid_k7_N49_seed33	ok	12	14	84	41	52	53	1
grid	7	34	grid_k7_N49_seed34	ok	12	14	84	41	52	53	1
grid	7	35	grid_k7_N49_seed35	ok	12	14	84	41	52	53	1
grid	7	36	grid_k7_N49_seed36	ok	12	14	84	41	52	53	1
grid	7	37	grid_k7_N49_seed37	ok	12	14	84	41	52	53	1
grid	7	38	grid_k7_N49_seed38	ok	12	14	84	41	52	53	1
grid	7	39	grid_k7_N49_seed39	ok	12	14	84	41	52	53	1
grid	7	40	grid_k7_N49_seed40	ok	12	14	84	41	52	53	1
grid	8	1	grid_k8_N64_seed1	ok	14	16	112	53	64	65	1
grid	8	2	grid_k8_N64_seed2	ok	14	16	112	53	64	65	1
grid	8	3	grid_k8_N64_seed3	ok	14	16	112	53	64	65	1
grid	8	4	grid_k8_N64_seed4	ok	14	16	112	53	64	65	1
grid	8	5	grid_k8_N64_seed5	ok	14	16	112	53	64	65	1
grid	8	6	grid_k8_N64_seed6	ok	14	16	112	53	64	65	1
grid	8	7	grid_k8_N64_seed7	ok	14	16	112	53	64	65	1
grid	8	8	grid_k8_N64_seed8	ok	14	16	112	53	64	65	1
grid	8	9	grid_k8_N64_seed9	ok	14	16	112	53	64	65	1
grid	8	10	grid_k8_N64_seed10	ok	14	16	112	53	64	65	1
grid	8	11	grid_k8_N64_seed11	ok	14	16	112	53	64	65	1
grid	8	12	grid_k8_N64_seed12	ok	14	16	112	53	64	65	1
grid	8	13	grid_k8_N64_seed13	ok	14	16	112	53	64	65	1
grid	8	14	grid_k8_N64_seed14	ok	14	16	112	53	64	65	1
grid	8	15	grid_k8_N64_seed15	ok	14	16	112	53	64	65	1
grid	8	16	grid_k8_N64_seed16	ok	14	16	112	53	64	65	1
grid	8	17	grid_k8_N64_seed17	ok	14	16	112	53	64	65	1
grid	8	18	grid_k8_N64_seed18	ok	14	16	112	53	64	65	1
grid	8	19	grid_k8_N64_seed19	ok	14	16	112	53	64	65	1
grid	8	20	grid_k8_N64_seed20	ok	14	16	112	53	64	65	1
grid	8	21	grid_k8_N64_seed21	ok	14	16	112	53	64	65	1
grid	8	22	grid_k8_N64_seed22	ok	14	16	112	53	64	65	1
grid	8	23	grid_k8_N64_seed23	ok	14	16	112	53	64	65	1
grid	8	24	grid_k8_N64_seed24	ok	14	16	112	53	64	65	1
grid	8	25	grid_k8_N64_seed25	ok	14	16	112	53	64	65	1
grid	8	26	grid_k8_N64_seed26	ok	14	16	112	53	64	65	1
grid	8	27	grid_k8_N64_seed27	ok	14	16	112	53	64	65	1
grid	8	28	grid_k8_N64_seed28	ok	14	16	112	53	64	65	1
grid	8	29	grid_k8_N64_seed29	ok	14	16	112	53	64	65	1
grid	8	30	grid_k8_N64_seed30	ok	14	16	112	53	64	65	1
grid	8	31	grid_k8_N64_seed31	ok	14	16	112	53	64	65	1
grid	8	32	grid_k8_N64_seed32	ok	14	16	112	53	64	65	1
grid	8	33	grid_k8_N64_seed33	ok	14	16	112	53	64	65	1
grid	8	34	grid_k8_N64_seed34	ok	14	16	112	53	64	65	1
grid	8	35	grid_k8_N64_seed35	ok	14	16	112	53	64	65	1
grid	8	36	grid_k8_N64_seed36	ok	14	16	112	53	64	65	1
grid	8	37	grid_k8_N64_seed37	ok	14	16	112	53	64	65	1
grid	8	38	grid_k8_N64_seed38	ok	14	16	112	53	64	65	1
grid	8	39	grid_k8_N64_seed39	ok	14	16	112	53	64	65	1
grid	8	40	grid_k8_N64_seed40	ok	14	16	112	53	64	65	1
grid	9	1	grid_k9_N81_seed1	ok	16	18	144	65	75	76	1
grid	9	2	grid_k9_N81_seed2	ok	16	18	144	65	75	76	1
grid	9	3	grid_k9_N81_seed3	ok	16	18	144	65	75	76	1
grid	9	4	grid_k9_N81_seed4	ok	16	18	144	65	75	76	1
grid	9	5	grid_k9_N81_seed5	ok	16	18	144	65	75	76	1
grid	9	6	grid_k9_N81_seed6	ok	16	18	144	65	75	76	1
grid	9	7	grid_k9_N81_seed7	ok	16	18	144	65	75	76	1
grid	9	8	grid_k9_N81_seed8	ok	16	18	144	65	75	76	1
grid	9	9	grid_k9_N81_seed9	ok	16	18	144	65	75	76	1
grid	9	10	grid_k9_N81_seed10	ok	16	18	144	65	75	76	1
grid	9	11	grid_k9_N81_seed11	ok	16	18	144	65	75	76	1
grid	9	12	grid_k9_N81_seed12	ok	16	18	144	65	75	76	1
grid	9	13	grid_k9_N81_seed13	ok	16	18	144	65	75	76	1
grid	9	14	grid_k9_N81_seed14	ok	16	18	144	65	75	76	1
grid	9	15	grid_k9_N81_seed15	ok	16	18	144	65	75	76	1
grid	9	16	grid_k9_N81_seed16	ok	16	18	144	65	75	76	1
grid	9	17	grid_k9_N81_seed17	ok	16	18	144	65	75	76	1
grid	9	18	grid_k9_N81_seed18	ok	16	18	144	65	75	76	1
grid	9	19	grid_k9_N81_seed19	ok	16	18	144	65	75	76	1
grid	9	20	grid_k9_N81_seed20	ok	16	18	144	65	75	76	1
grid	9	21	grid_k9_N81_seed21	ok	16	18	144	65	75	76	1
grid	9	22	grid_k9_N81_seed22	ok	16	18	144	65	75	76	1
grid	9	23	grid_k9_N81_seed23	ok	16	18	144	65	75	76	1
grid	9	24	grid_k9_N81_seed24	ok	16	18	144	65	75	76	1
grid	9	25	grid_k9_N81_seed25	ok	16	18	144	65	75	76	1
grid	9	26	grid_k9_N81_seed26	ok	16	18	144	65	75	76	1
grid	9	27	grid_k9_N81_seed27	ok	16	18	144	65	75	76	1
grid	9	28	grid_k9_N81_seed28	ok	16	18	144	65	75	76	1
grid	9	29	grid_k9_N81_seed29	ok	16	18	144	65	75	76	1
grid	9	30	grid_k9_N81_seed30	ok	16	18	144	65	75	76	1
grid	9	31	grid_k9_N81_seed31	ok	16	18	144	65	75	76	1
grid	9	32	grid_k9_N81_seed32	ok	16	18	144	65	75	76	1
grid	9	33	grid_k9_N81_seed33	ok	16	18	144	65	75	76	1
grid	9	34	grid_k9_N81_seed34	ok	16	18	144	65	75	76	1
grid	9	35	grid_k9_N81_seed35	ok	16	18	144	65	75	76	1
grid	9	36	grid_k9_N81_seed36	ok	16	18	144	65	75	76	1
grid	9	37	grid_k9_N81_seed37	ok	16	18	144	65	75	76	1
grid	9	38	grid_k9_N81_seed38	ok	16	18	144	65	75	76	1
grid	9	39	grid_k9_N81_seed39	ok	16	18	144	65	75	76	1
grid	9	40	grid_k9_N81_seed40	ok	16	18	144	65	75	76	1
mtn_knn	20	1	mtnknn_N20_seed1	ok	5	7	50	19	27	28	1
mtn_knn	20	2	mtnknn_N20_seed2	ok	5	7	48	19	27	28	1
mtn_knn	20	3	mtnknn_N20_seed3	ok	4	6	49	19	24	25	1
mtn_knn	20	4	mtnknn_N20_seed4	ok	6	8	51	20	30	31	1
mtn_knn	20	5	mtnknn_N20_seed5	ok	3	5	49	18	21	22	1
mtn_knn	20	6	mtnknn_N20_seed6	ok	6	8	49	19	29	30	1
mtn_knn	20	7	mtnknn_N20_seed7	ok	5	7	48	19	27	28	1
mtn_knn	20	8	mtnknn_N20_seed8	ok	4	6	52	20	25	26	1
mtn_knn	20	9	mtnknn_N20_seed9	ok	5	7	49	19	27	28	1
mtn_knn	20	10	mtnknn_N20_seed10	ok	5	7	46	19	26	27	1
mtn_knn	20	11	mtnknn_N20_seed11	ok	4	6	50	19	24	25	1
mtn_knn	20	12	mtnknn_N20_seed12	ok	5	7	50	19	27	28	1
mtn_knn	20	13	mtnknn_N20_seed13	ok	4	6	52	20	25	26	1
mtn_knn	20	14	mtnknn_N20_seed14	ok	5	7	49	19	27	28	1
mtn_knn	20	15	mtnknn_N20_seed15	ok	7	9	49	19	31	32	1
mtn_knn	20	16	mtnknn_N20_seed16	ok	4	6	52	20	25	26	1
mtn_knn	20	17	mtnknn_N20_seed17	ok	5	7	54	20	28	29	1
mtn_knn	20	18	mtnknn_N20_seed18	ok	5	7	51	19	27	28	1
mtn_knn	20	19	mtnknn_N20_seed19	ok	4	6	52	19	25	26	1
mtn_knn	20	20	mtnknn_N20_seed20	ok	6	8	50	19	30	31	1
mtn_knn	20	21	mtnknn_N20_seed21	ok	5	7	54	20	28	29	1
mtn_knn	20	22	mtnknn_N20_seed22	ok	5	7	51	20	27	28	1
mtn_knn	20	23	mtnknn_N20_seed23	ok	4	6	50	19	24	25	1
mtn_knn	20	24	mtnknn_N20_seed24	ok	5	7	48	19	27	28	1
mtn_knn	20	25	mtnknn_N20_seed25	ok	4	6	48	19	24	25	1
mtn_knn	20	26	mtnknn_N20_seed26	ok	4	6	49	19	24	25	1
mtn_knn	20	27	mtnknn_N20_seed27	ok	4	6	49	19	24	25	1
mtn_knn	20	28	mtnknn_N20_seed28	ok	4	6	50	19	24	25	1
mtn_knn	20	29	mtnknn_N20_seed29	ok	6	8	48	19	29	30	1
mtn_knn	20	30	mtnknn_N20_seed30	ok	6	8	52	20	30	31	1
mtn_knn	20	31	mtnknn_N20_seed31	ok	6	8	51	20	30	31	1
mtn_knn	20	32	mtnknn_N20_seed32	ok	4	6	49	19	24	25	1
mtn_knn	20	33	mtnknn_N20_seed33	ok	5	7	52	20	27	28	1
mtn_knn	20	34	mtnknn_N20_seed34	ok	6	8	53	20	30	31	1
mtn_knn	20	35	mtnknn_N20_seed35	ok	5	7	56	20	28	29	1
mtn_knn	20	36	mtnknn_N20_seed36	ok	4	6	52	20	25	26	1
mtn_knn	20	37	mtnknn_N20_seed37	ok	4	6	47	19	24	25	1
mtn_knn	20	38	mtnknn_N20_seed38	ok	6	8	50	19	30	31	1
mtn_knn	20	39	mtnknn_N20_seed39	ok	5	7	48	19	27	28	1
mtn_knn	20	40	mtnknn_N20_seed40	ok	5	7	56	20	28	29	1
mtn_knn	30	1	mtnknn_N30_seed1	ok	6	8	71	28	34	35	1
mtn_knn	30	2	mtnknn_N30_seed2	ok	7	9	70	29	36	37	1
mtn_knn	30	3	mtnknn_N30_seed3	ok	7	9	75	29	37	38	1
mtn_knn	30	4	mtnknn_N30_seed4	ok	6	8	74	28	34	35	1
mtn_knn	30	5	mtnknn_N30_seed5	ok	4	6	74	25	28	29	1
mtn_knn	30	6	mtnknn_N30_seed6	ok	7	9	76	29	38	39	1
mtn_knn	30	7	mtnknn_N30_seed7	ok	7	9	78	30	38	39	1
mtn_knn	30	8	mtnknn_N30_seed8	ok	5	7	79	28	32	33	1
mtn_knn	30	9	mtnknn_N30_seed9	ok	6	8	73	28	34	35	1
mtn_knn	30	10	mtnknn_N30_seed10	ok	8	10	73	29	40	41	1
mtn_knn	30	11	mtnknn_N30_seed11	ok	8	10	72	29	39	40	1
mtn_knn	30	12	mtnknn_N30_seed12	ok	5	7	75	27	31	32	1
mtn_knn	30	13	mtnknn_N30_seed13	ok	6	8	77	29	35	36	1
mtn_knn	30	14	mtnknn_N30_seed14	ok	6	8	71	28	34	35	1
mtn_knn	30	15	mtnknn_N30_seed15	ok	8	10	71	29	39	40	1
mtn_knn	30	16	mtnknn_N30_seed16	ok	7	9	74	29	37	38	1
mtn_knn	30	17	mtnknn_N30_seed17	ok	6	8	82	29	36	37	1
mtn_knn	30	18	mtnknn_N30_seed18	ok	7	9	79	30	38	39	1
mtn_knn	30	19	mtnknn_N30_seed19	ok	5	7	75	27	31	32	1
mtn_knn	30	20	mtnknn_N30_seed20	ok	5	7	79	28	32	33	1
mtn_knn	30	21	mtnknn_N30_seed21	ok	6	8	72	28	34	35	1
mtn_knn	30	22	mtnknn_N30_seed22	ok	6	8	76	29	35	36	1
mtn_knn	30	23	mtnknn_N30_seed23	ok	5	7	76	27	32	33	1
mtn_knn	30	24	mtnknn_N30_seed24	ok	7	9	76	30	38	39	1
mtn_knn	30	25	mtnknn_N30_seed25	ok	7	9	74	29	37	38	1
mtn_knn	30	26	mtnknn_N30_seed26	ok	6	8	74	28	34	35	1
mtn_knn	30	27	mtnknn_N30_seed27	ok	6	8	74	28	34	35	1
mtn_knn	30	28	mtnknn_N30_seed28	ok	7	9	73	29	37	38	1
mtn_knn	30	29	mtnknn_N30_seed29	ok	7	9	72	29	37	38	1
mtn_knn	30	30	mtnknn_N30_seed30	ok	7	9	76	29	38	39	1
mtn_knn	30	31	mtnknn_N30_seed31	ok	5	7	76	27	32	33	1
mtn_knn	30	32	mtnknn_N30_seed32	ok	6	8	74	28	34	35	1
mtn_knn	30	33	mtnknn_N30_seed33	ok	7	9	76	29	38	39	1
mtn_knn	30	34	mtnknn_N30_seed34	ok	6	8	79	29	35	36	1
mtn_knn	30	35	mtnknn_N30_seed35	ok	7	9	73	29	37	38	1
mtn_knn	30	36	mtnknn_N30_seed36	ok	6	8	73	28	34	35	1
mtn_knn	30	37	mtnknn_N30_seed37	ok	8	10	75	29	40	41	1
mtn_knn	30	38	mtnknn_N30_seed38	ok	8	10	79	30	41	42	1
mtn_knn	30	39	mtnknn_N30_seed39	ok	7	9	72	29	37	38	1
mtn_knn	30	40	mtnknn_N30_seed40	ok	6	8	80	29	35	36	1
mtn_knn	40	1	mtnknn_N40_seed1	ok	7	9	96	35	41	42	1
mtn_knn	40	2	mtnknn_N40_seed2	ok	8	10	99	37	44	45	1
mtn_knn	40	3	mtnknn_N40_seed3	ok	7	9	101	36	41	42	1
mtn_knn	40	4	mtnknn_N40_seed4	ok	9	11	96	38	47	48	1
mtn_knn	40	5	mtnknn_N40_seed5	ok	7	9	99	36	41	42	1
mtn_knn	40	6	mtnknn_N40_seed6	ok	8	10	98	37	44	45	1
mtn_knn	40	7	mtnknn_N40_seed7	ok	8	10	100	37	44	45	1
mtn_knn	40	8	mtnknn_N40_seed8	ok	7	9	100	36	41	42	1
mtn_knn	40	9	mtnknn_N40_seed9	ok	8	10	100	37	44	45	1
mtn_knn	40	10	mtnknn_N40_seed10	ok	8	10	101	37	45	46	1
mtn_knn	40	11	mtnknn_N40_seed11	ok	7	9	99	36	41	42	1
mtn_knn	40	12	mtnknn_N40_seed12	ok	6	8	93	33	37	38	1
mtn_knn	40	13	mtnknn_N40_seed13	ok	8	10	102	38	45	46	1
mtn_knn	40	14	mtnknn_N40_seed14	ok	7	9	97	35	41	42	1
mtn_knn	40	15	mtnknn_N40_seed15	ok	9	11	98	38	47	48	1
mtn_knn	40	16	mtnknn_N40_seed16	ok	7	9	98	36	41	42	1
mtn_knn	40	17	mtnknn_N40_seed17	ok	7	9	107	37	42	43	1
mtn_knn	40	18	mtnknn_N40_seed18	ok	9	11	101	39	48	49	1
mtn_knn	40	19	mtnknn_N40_seed19	ok	7	9	103	36	42	43	1
mtn_knn	40	20	mtnknn_N40_seed20	ok	7	9	107	37	42	43	1
mtn_knn	40	21	mtnknn_N40_seed21	ok	9	11	97	38	47	48	1
mtn_knn	40	22	mtnknn_N40_seed22	ok	8	10	98	37	44	45	1
mtn_knn	40	23	mtnknn_N40_seed23	ok	7	9	102	36	42	43	1
mtn_knn	40	24	mtnknn_N40_seed24	ok	9	11	100	38	48	49	1
mtn_knn	40	25	mtnknn_N40_seed25	ok	9	11	105	39	48	49	1
mtn_knn	40	26	mtnknn_N40_seed26	ok	10	12	99	39	50	51	1
mtn_knn	40	27	mtnknn_N40_seed27	ok	7	9	97	35	41	42	1
mtn_knn	40	28	mtnknn_N40_seed28	ok	8	10	97	37	44	45	1
mtn_knn	40	29	mtnknn_N40_seed29	ok	8	10	97	37	44	45	1
mtn_knn	40	30	mtnknn_N40_seed30	ok	9	11	104	39	48	49	1
mtn_knn	40	31	mtnknn_N40_seed31	ok	8	10	102	38	45	46	1
mtn_knn	40	32	mtnknn_N40_seed32	ok	7	9	99	36	41	42	1
mtn_knn	40	33	mtnknn_N40_seed33	ok	9	11	102	39	48	49	1
mtn_knn	40	34	mtnknn_N40_seed34	ok	8	10	101	38	45	46	1
mtn_knn	40	35	mtnknn_N40_seed35	ok	7	9	100	36	41	42	1
mtn_knn	40	36	mtnknn_N40_seed36	ok	10	12	103	40	51	52	1
mtn_knn	40	37	mtnknn_N40_seed37	ok	9	11	99	38	47	48	1
mtn_knn	40	38	mtnknn_N40_seed38	ok	9	11	102	39	48	49	1
mtn_knn	40	39	mtnknn_N40_seed39	ok	8	10	96	37	44	45	1
mtn_knn	40	40	mtnknn_N40_seed40	ok	8	10	101	37	45	46	1
mtn_knn	60	1	mtnknn_N60_seed1	ok	11	13	149	53	61	62	1
mtn_knn	60	2	mtnknn_N60_seed2	ok	9	11	150	49	54	55	1
mtn_knn	60	3	mtnknn_N60_seed3	ok	10	12	147	51	57	58	1
mtn_knn	60	4	mtnknn_N60_seed4	ok	10	12	147	51	57	58	1
mtn_knn	60	5	mtnknn_N60_seed5	ok	11	13	145	53	61	62	1
mtn_knn	60	6	mtnknn_N60_seed6	ok	11	13	148	53	61	62	1
mtn_knn	60	7	mtnknn_N60_seed7	ok	9	11	146	48	54	55	1
mtn_knn	60	8	mtnknn_N60_seed8	ok	10	12	143	50	57	58	1
mtn_knn	60	9	mtnknn_N60_seed9	ok	11	13	153	54	62	63	1
mtn_knn	60	10	mtnknn_N60_seed10	ok	11	13	150	53	61	62	1
mtn_knn	60	11	mtnknn_N60_seed11	ok	8	10	148	46	50	51	1
mtn_knn	60	12	mtnknn_N60_seed12	ok	9	11	145	48	54	55	1
mtn_knn	60	13	mtnknn_N60_seed13	ok	11	13	155	54	62	63	1
mtn_knn	60	14	mtnknn_N60_seed14	ok	11	13	150	53	61	62	1
mtn_knn	60	15	mtnknn_N60_seed15	ok	11	13	149	53	61	62	1
mtn_knn	60	16	mtnknn_N60_seed16	ok	10	12	142	50	57	58	1
mtn_knn	60	17	mtnknn_N60_seed17	ok	9	11	157	50	55	56	1
mtn_knn	60	18	mtnknn_N60_seed18	ok	9	11	151	49	54	55	1
mtn_knn	60	19	mtnknn_N60_seed19	ok	15	17	143	58	72	73	1
mtn_knn	60	20	mtnknn_N60_seed20	ok	8	10	154	47	51	52	1
mtn_knn	60	21	mtnknn_N60_seed21	ok	8	10	150	46	51	52	1
mtn_knn	60	22	mtnknn_N60_seed22	ok	10	12	140	50	57	58	1
mtn_knn	60	23	mtnknn_N60_seed23	ok	8	10	152	46	51	52	1
mtn_knn	60	24	mtnknn_N60_seed24	ok	12	14	150	55	64	65	1
mtn_knn	60	25	mtnknn_N60_seed25	ok	11	13	157	54	62	63	1
mtn_knn	60	26	mtnknn_N60_seed26	ok	11	13	154	54	62	63	1
mtn_knn	60	27	mtnknn_N60_seed27	ok	10	12	148	51	58	59	1
mtn_knn	60	28	mtnknn_N60_seed28	ok	11	13	144	53	60	61	1
mtn_knn	60	29	mtnknn_N60_seed29	ok	11	13	145	53	61	62	1
mtn_knn	60	30	mtnknn_N60_seed30	ok	10	12	157	52	59	60	1
mtn_knn	60	31	mtnknn_N60_seed31	ok	10	12	146	51	57	58	1
mtn_knn	60	32	mtnknn_N60_seed32	ok	12	14	151	55	65	66	1
mtn_knn	60	33	mtnknn_N60_seed33	ok	12	14	151	55	65	66	1
mtn_knn	60	34	mtnknn_N60_seed34	ok	9	11	149	49	54	55	1
mtn_knn	60	35	mtnknn_N60_seed35	ok	11	13	145	53	61	62	1
mtn_knn	60	36	mtnknn_N60_seed36	ok	11	13	154	54	62	63	1
mtn_knn	60	37	mtnknn_N60_seed37	ok	12	14	155	56	65	66	1
mtn_knn	60	38	mtnknn_N60_seed38	ok	10	12	150	51	58	59	1
mtn_knn	60	39	mtnknn_N60_seed39	ok	12	14	151	55	65	66	1
mtn_knn	60	40	mtnknn_N60_seed40	ok	10	12	144	51	57	58	1
sparse	80	1	sparse_N80_seed1	ok	5	7	193	40	41	42	1
sparse	80	2	sparse_N80_seed2	ok	8	10	183	50	54	55	1
sparse	80	3	sparse_N80_seed3	ok	4	6	203	36	37	38	1
sparse	80	4	sparse_N80_seed4	ok	5	7	196	40	41	42	1
sparse	80	5	sparse_N80_seed5	ok	4	6	183	35	36	37	1
sparse	80	6	sparse_N80_seed6	ok	8	10	189	51	54	55	1
sparse	80	7	sparse_N80_seed7	ok	3	5	191	31	31	32	1
sparse	80	8	sparse_N80_seed8	ok	3	5	167	30	30	31	1
sparse	80	9	sparse_N80_seed9	ok	3	5	165	30	30	31	1
sparse	80	10	sparse_N80_seed10	ok	5	7	195	40	41	42	1
sparse	80	11	sparse_N80_seed11	ok	3	5	195	31	32	33	1
sparse	80	12	sparse_N80_seed12	ok	6	8	194	44	46	47	1
sparse	80	13	sparse_N80_seed13	ok	3	5	209	31	32	33	1
sparse	80	14	sparse_N80_seed14	ok	6	8	201	44	46	47	1
sparse	80	15	sparse_N80_seed15	ok	3	5	191	31	31	32	1
sparse	80	16	sparse_N80_seed16	ok	4	6	175	35	36	37	1
sparse	80	17	sparse_N80_seed17	ok	4	6	182	35	36	37	1
sparse	80	18	sparse_N80_seed18	ok	3	5	195	31	32	33	1
sparse	80	19	sparse_N80_seed19	ok	3	5	215	32	32	33	1
sparse	80	20	sparse_N80_seed20	ok	5	7	200	40	42	43	1
sparse	80	21	sparse_N80_seed21	ok	3	5	208	31	32	33	1
sparse	80	22	sparse_N80_seed22	ok	6	8	205	44	46	47	1
sparse	80	23	sparse_N80_seed23	ok	3	5	197	31	32	33	1
sparse	80	24	sparse_N80_seed24	ok	5	7	195	40	41	42	1
sparse	80	25	sparse_N80_seed25	ok	3	5	188	31	31	32	1
sparse	80	26	sparse_N80_seed26	ok	6	8	192	44	46	47	1
sparse	80	27	sparse_N80_seed27	ok	6	8	202	44	46	47	1
sparse	80	28	sparse_N80_seed28	ok	4	6	197	36	37	38	1
sparse	80	29	sparse_N80_seed29	ok	3	5	194	31	32	33	1
sparse	80	30	sparse_N80_seed30	ok	3	5	192	31	31	32	1
sparse	80	31	sparse_N80_seed31	CENSORED	8	10	198				
sparse	80	32	sparse_N80_seed32	ok	3	5	196	31	32	33	1
sparse	80	33	sparse_N80_seed33	ok	3	5	203	31	32	33	1
sparse	80	34	sparse_N80_seed34	ok	5	7	199	40	42	43	1
sparse	80	35	sparse_N80_seed35	ok	6	8	187	43	45	46	1
sparse	80	36	sparse_N80_seed36	ok	3	5	180	30	31	32	1
sparse	80	37	sparse_N80_seed37	ok	6	8	206	44	46	47	1
sparse	80	38	sparse_N80_seed38	ok	6	8	182	43	45	46	1
sparse	80	39	sparse_N80_seed39	ok	3	5	199	31	32	33	1
sparse	80	40	sparse_N80_seed40	ok	3	5	194	31	32	33	1
sparse	100	1	sparse_N100_seed1	ok	3	5	236	32	33	34	1
sparse	100	2	sparse_N100_seed2	ok	4	6	235	37	38	39	1
sparse	100	3	sparse_N100_seed3	CENSORED	6	8	259				
sparse	100	4	sparse_N100_seed4	CENSORED	5	7	258				
sparse	100	5	sparse_N100_seed5	ok	3	5	245	33	33	34	1
sparse	100	6	sparse_N100_seed6	CENSORED	6	8	254				
sparse	100	7	sparse_N100_seed7	CENSORED	8	10	240				
sparse	100	8	sparse_N100_seed8	ok	4	6	225	37	38	39	1
sparse	100	9	sparse_N100_seed9	ok	6	8	218	46	47	48	1
sparse	100	10	sparse_N100_seed10	ok	3	5	257	33	34	35	1
sparse	100	11	sparse_N100_seed11	ok	4	6	247	38	39	40	1
sparse	100	12	sparse_N100_seed12	CENSORED	5	7	257				
sparse	100	13	sparse_N100_seed13	CENSORED	6	8	252				
sparse	100	14	sparse_N100_seed14	ok	3	5	241	33	33	34	1
sparse	100	15	sparse_N100_seed15	CENSORED	6	8	242				
sparse	100	16	sparse_N100_seed16	ok	5	7	223	42	43	44	1
sparse	100	17	sparse_N100_seed17	ok	4	6	222	37	38	39	1
sparse	100	18	sparse_N100_seed18	ok	3	5	233	32	33	34	1
sparse	100	19	sparse_N100_seed19	CENSORED	5	7	265				
sparse	100	20	sparse_N100_seed20	ok	4	6	235	37	38	39	1
sparse	100	21	sparse_N100_seed21	ok	3	5	253	33	33	34	1
sparse	100	22	sparse_N100_seed22	ok	4	6	254	38	39	40	1
sparse	100	23	sparse_N100_seed23	ok	3	5	240	33	33	34	1
sparse	100	24	sparse_N100_seed24	CENSORED	6	8	238				
sparse	100	25	sparse_N100_seed25	ok	5	7	243	42	44	45	1
sparse	100	26	sparse_N100_seed26	CENSORED	6	8	254				
sparse	100	27	sparse_N100_seed27	ok	3	5	239	32	33	34	1
sparse	100	28	sparse_N100_seed28	ok	3	5	245	33	33	34	1
sparse	100	29	sparse_N100_seed29	ok	3	5	261	33	34	35	1
sparse	100	30	sparse_N100_seed30	CENSORED	7	9	241				
sparse	100	31	sparse_N100_seed31	ok	3	5	249	33	33	34	1
sparse	100	32	sparse_N100_seed32	ok	3	5	254	33	33	34	1
sparse	100	33	sparse_N100_seed33	ok	3	5	251	33	33	34	1
sparse	100	34	sparse_N100_seed34	ok	4	6	246	38	39	40	1
sparse	100	35	sparse_N100_seed35	CENSORED	7	9	249				
sparse	100	36	sparse_N100_seed36	CENSORED	5	7	242				
sparse	100	37	sparse_N100_seed37	CENSORED	7	9	231				
sparse	100	38	sparse_N100_seed38	ok	4	6	225	37	38	39	1
sparse	100	39	sparse_N100_seed39	CENSORED	7	9	247				
sparse	100	40	sparse_N100_seed40	CENSORED	8	10	236				
dense	60	1	dense_N60_seed1	ok	4	6	223	36	38	39	1
dense	60	2	dense_N60_seed2	ok	3	5	217	31	32	33	1
dense	60	3	dense_N60_seed3	ok	5	7	247	42	44	45	1
dense	60	4	dense_N60_seed4	ok	3	5	232	32	33	34	1
dense	60	5	dense_N60_seed5	ok	4	6	246	37	39	40	1
dense	60	6	dense_N60_seed6	ok	3	5	210	31	32	33	1
dense	60	7	dense_N60_seed7	ok	3	5	233	32	33	34	1
dense	60	8	dense_N60_seed8	ok	3	5	226	32	33	34	1
dense	60	9	dense_N60_seed9	ok	3	5	200	31	32	33	1
dense	60	10	dense_N60_seed10	ok	4	6	240	37	38	39	1
dense	60	11	dense_N60_seed11	ok	4	6	240	37	38	39	1
dense	60	12	dense_N60_seed12	ok	3	5	237	32	33	34	1
dense	60	13	dense_N60_seed13	ok	5	7	252	42	44	45	1
dense	60	14	dense_N60_seed14	ok	3	5	239	32	33	34	1
dense	60	15	dense_N60_seed15	ok	5	7	214	40	42	43	1
dense	60	16	dense_N60_seed16	ok	6	8	246	46	49	50	1
dense	60	17	dense_N60_seed17	ok	3	5	217	31	32	33	1
dense	60	18	dense_N60_seed18	ok	6	8	242	46	48	49	1
dense	60	19	dense_N60_seed19	ok	3	5	232	32	33	34	1
dense	60	20	dense_N60_seed20	ok	6	8	249	46	49	50	1
dense	60	21	dense_N60_seed21	ok	3	5	242	32	33	34	1
dense	60	22	dense_N60_seed22	ok	3	5	254	32	33	34	1
dense	60	23	dense_N60_seed23	ok	5	7	221	40	43	44	1
dense	60	24	dense_N60_seed24	ok	3	5	237	32	33	34	1
dense	60	25	dense_N60_seed25	ok	4	6	234	37	38	39	1
dense	60	26	dense_N60_seed26	ok	3	5	241	32	33	34	1
dense	60	27	dense_N60_seed27	ok	3	5	236	32	33	34	1
dense	60	28	dense_N60_seed28	CENSORED	8	10	232				
dense	60	29	dense_N60_seed29	ok	5	7	216	40	42	43	1
dense	60	30	dense_N60_seed30	ok	3	5	220	31	32	33	1
dense	60	31	dense_N60_seed31	ok	3	5	230	32	33	34	1
dense	60	32	dense_N60_seed32	ok	3	5	240	32	33	34	1
dense	60	33	dense_N60_seed33	ok	5	7	250	42	44	45	1
dense	60	34	dense_N60_seed34	ok	3	5	237	32	33	34	1
dense	60	35	dense_N60_seed35	ok	3	5	235	32	33	34	1
dense	60	36	dense_N60_seed36	ok	3	5	209	31	32	33	1
dense	60	37	dense_N60_seed37	ok	6	8	227	45	48	49	1
dense	60	38	dense_N60_seed38	ok	5	7	234	41	43	44	1
dense	60	39	dense_N60_seed39	ok	3	5	254	32	33	34	1
dense	60	40	dense_N60_seed40	ok	3	5	245	32	33	34	1
dense	80	1	dense_N80_seed1	ok	4	6	315	40	41	42	1
dense	80	2	dense_N80_seed2	CENSORED	5	7	302				
dense	80	3	dense_N80_seed3	CENSORED	6	8	350				
dense	80	4	dense_N80_seed4	CENSORED	8	10	304				
dense	80	5	dense_N80_seed5	CENSORED	5	7	336				
dense	80	6	dense_N80_seed6	ok	4	6	290	39	40	41	1
dense	80	7	dense_N80_seed7	ok	4	6	316	40	41	42	1
dense	80	8	dense_N80_seed8	ok	3	5	291	34	34	35	1
dense	80	9	dense_N80_seed9	ok	3	5	283	34	34	35	1
dense	80	10	dense_N80_seed10	ok	3	5	305	34	35	36	1
dense	80	11	dense_N80_seed11	CENSORED	7	9	316				
dense	80	12	dense_N80_seed12	CENSORED	5	7	319				
dense	80	13	dense_N80_seed13	ok	3	5	324	35	35	36	1
dense	80	14	dense_N80_seed14	CENSORED	6	8	328				
dense	80	15	dense_N80_seed15	ok	4	6	301	39	40	41	1
dense	80	16	dense_N80_seed16	ok	4	6	294	39	40	41	1
dense	80	17	dense_N80_seed17	CENSORED	7	9	306				
dense	80	18	dense_N80_seed18	CENSORED	6	8	322				
dense	80	19	dense_N80_seed19	ok	3	5	331	35	35	36	1
dense	80	20	dense_N80_seed20	CENSORED	4	6	337				
dense	80	21	dense_N80_seed21	CENSORED	5	7	313				
dense	80	22	dense_N80_seed22	CENSORED	6	8	333				
dense	80	23	dense_N80_seed23	CENSORED	6	8	298				
dense	80	24	dense_N80_seed24	ok	3	5	322	34	35	36	1
dense	80	25	dense_N80_seed25	ok	3	5	296	34	35	36	1
dense	80	26	dense_N80_seed26	CENSORED	5	7	310				
dense	80	27	dense_N80_seed27	ok	4	6	322	40	41	42	1
dense	80	28	dense_N80_seed28	ok	4	6	310	40	41	42	1
dense	80	29	dense_N80_seed29	CENSORED	6	8	312				
dense	80	30	dense_N80_seed30	ok	3	5	309	34	35	36	1
dense	80	31	dense_N80_seed31	CENSORED	5	7	317				
dense	80	32	dense_N80_seed32	ok	4	6	311	40	41	42	1
dense	80	33	dense_N80_seed33	ok	3	5	343	35	36	37	1
dense	80	34	dense_N80_seed34	ok	3	5	332	35	35	36	1
dense	80	35	dense_N80_seed35	CENSORED	5	7	292				
dense	80	36	dense_N80_seed36	ok	4	6	308	39	41	42	1
dense	80	37	dense_N80_seed37	ok	3	5	306	34	35	36	1
dense	80	38	dense_N80_seed38	ok	3	5	302	34	35	36	1
dense	80	39	dense_N80_seed39	ok	4	6	336	40	41	42	1
dense	80	40	dense_N80_seed40	ok	4	6	319	40	41	42	1
grid	10	1	grid_k10_N100_seed1	ok	18	20	180	78	88	89	1
grid	10	2	grid_k10_N100_seed2	ok	18	20	180	78	88	89	1
grid	10	3	grid_k10_N100_seed3	ok	18	20	180	78	88	89	1
grid	10	4	grid_k10_N100_seed4	ok	18	20	180	78	88	89	1
grid	10	5	grid_k10_N100_seed5	ok	18	20	180	78	88	89	1
grid	10	6	grid_k10_N100_seed6	ok	18	20	180	78	88	89	1
grid	10	7	grid_k10_N100_seed7	ok	18	20	180	78	88	89	1
grid	10	8	grid_k10_N100_seed8	ok	18	20	180	78	88	89	1
grid	10	9	grid_k10_N100_seed9	ok	18	20	180	78	88	89	1
grid	10	10	grid_k10_N100_seed10	ok	18	20	180	78	88	89	1
grid	10	11	grid_k10_N100_seed11	ok	18	20	180	78	88	89	1
grid	10	12	grid_k10_N100_seed12	ok	18	20	180	78	88	89	1
grid	10	13	grid_k10_N100_seed13	ok	18	20	180	78	88	89	1
grid	10	14	grid_k10_N100_seed14	ok	18	20	180	78	88	89	1
grid	10	15	grid_k10_N100_seed15	ok	18	20	180	78	88	89	1
grid	10	16	grid_k10_N100_seed16	ok	18	20	180	78	88	89	1
grid	10	17	grid_k10_N100_seed17	ok	18	20	180	78	88	89	1
grid	10	18	grid_k10_N100_seed18	ok	18	20	180	78	88	89	1
grid	10	19	grid_k10_N100_seed19	ok	18	20	180	78	88	89	1
grid	10	20	grid_k10_N100_seed20	ok	18	20	180	78	88	89	1
grid	10	21	grid_k10_N100_seed21	ok	18	20	180	78	88	89	1
grid	10	22	grid_k10_N100_seed22	ok	18	20	180	78	88	89	1
grid	10	23	grid_k10_N100_seed23	ok	18	20	180	78	88	89	1
grid	10	24	grid_k10_N100_seed24	ok	18	20	180	78	88	89	1
grid	10	25	grid_k10_N100_seed25	ok	18	20	180	78	88	89	1
grid	10	26	grid_k10_N100_seed26	ok	18	20	180	78	88	89	1
grid	10	27	grid_k10_N100_seed27	ok	18	20	180	78	88	89	1
grid	10	28	grid_k10_N100_seed28	ok	18	20	180	78	88	89	1
grid	10	29	grid_k10_N100_seed29	ok	18	20	180	78	88	89	1
grid	10	30	grid_k10_N100_seed30	ok	18	20	180	78	88	89	1
grid	10	31	grid_k10_N100_seed31	ok	18	20	180	78	88	89	1
grid	10	32	grid_k10_N100_seed32	ok	18	20	180	78	88	89	1
grid	10	33	grid_k10_N100_seed33	ok	18	20	180	78	88	89	1
grid	10	34	grid_k10_N100_seed34	ok	18	20	180	78	88	89	1
grid	10	35	grid_k10_N100_seed35	ok	18	20	180	78	88	89	1
grid	10	36	grid_k10_N100_seed36	ok	18	20	180	78	88	89	1
grid	10	37	grid_k10_N100_seed37	ok	18	20	180	78	88	89	1
grid	10	38	grid_k10_N100_seed38	ok	18	20	180	78	88	89	1
grid	10	39	grid_k10_N100_seed39	ok	18	20	180	78	88	89	1
grid	10	40	grid_k10_N100_seed40	ok	18	20	180	78	88	89	1
grid	11	1	grid_k11_N121_seed1	ok	20	22	220	90	100	101	1
grid	11	2	grid_k11_N121_seed2	ok	20	22	220	90	100	101	1
grid	11	3	grid_k11_N121_seed3	ok	20	22	220	90	100	101	1
grid	11	4	grid_k11_N121_seed4	ok	20	22	220	90	100	101	1
grid	11	5	grid_k11_N121_seed5	ok	20	22	220	90	100	101	1
grid	11	6	grid_k11_N121_seed6	ok	20	22	220	90	100	101	1
grid	11	7	grid_k11_N121_seed7	ok	20	22	220	90	100	101	1
grid	11	8	grid_k11_N121_seed8	ok	20	22	220	90	100	101	1
grid	11	9	grid_k11_N121_seed9	ok	20	22	220	90	100	101	1
grid	11	10	grid_k11_N121_seed10	ok	20	22	220	90	100	101	1
grid	11	11	grid_k11_N121_seed11	ok	20	22	220	90	100	101	1
grid	11	12	grid_k11_N121_seed12	ok	20	22	220	90	100	101	1
grid	11	13	grid_k11_N121_seed13	ok	20	22	220	90	100	101	1
grid	11	14	grid_k11_N121_seed14	ok	20	22	220	90	100	101	1
grid	11	15	grid_k11_N121_seed15	ok	20	22	220	90	100	101	1
grid	11	16	grid_k11_N121_seed16	ok	20	22	220	90	100	101	1
grid	11	17	grid_k11_N121_seed17	ok	20	22	220	90	100	101	1
grid	11	18	grid_k11_N121_seed18	ok	20	22	220	90	100	101	1
grid	11	19	grid_k11_N121_seed19	ok	20	22	220	90	100	101	1
grid	11	20	grid_k11_N121_seed20	ok	20	22	220	90	100	101	1
grid	11	21	grid_k11_N121_seed21	ok	20	22	220	90	100	101	1
grid	11	22	grid_k11_N121_seed22	ok	20	22	220	90	100	101	1
grid	11	23	grid_k11_N121_seed23	ok	20	22	220	90	100	101	1
grid	11	24	grid_k11_N121_seed24	ok	20	22	220	90	100	101	1
grid	11	25	grid_k11_N121_seed25	ok	20	22	220	90	100	101	1
grid	11	26	grid_k11_N121_seed26	ok	20	22	220	90	100	101	1
grid	11	27	grid_k11_N121_seed27	ok	20	22	220	90	100	101	1
grid	11	28	grid_k11_N121_seed28	ok	20	22	220	90	100	101	1
grid	11	29	grid_k11_N121_seed29	ok	20	22	220	90	100	101	1
grid	11	30	grid_k11_N121_seed30	ok	20	22	220	90	100	101	1
grid	11	31	grid_k11_N121_seed31	ok	20	22	220	90	100	101	1
grid	11	32	grid_k11_N121_seed32	ok	20	22	220	90	100	101	1
grid	11	33	grid_k11_N121_seed33	ok	20	22	220	90	100	101	1
grid	11	34	grid_k11_N121_seed34	ok	20	22	220	90	100	101	1
grid	11	35	grid_k11_N121_seed35	ok	20	22	220	90	100	101	1
grid	11	36	grid_k11_N121_seed36	ok	20	22	220	90	100	101	1
grid	11	37	grid_k11_N121_seed37	ok	20	22	220	90	100	101	1
grid	11	38	grid_k11_N121_seed38	ok	20	22	220	90	100	101	1
grid	11	39	grid_k11_N121_seed39	ok	20	22	220	90	100	101	1
grid	11	40	grid_k11_N121_seed40	ok	20	22	220	90	100	101	1
mtn_knn	80	1	mtnknn_N80_seed1	ok	13	15	197	66	74	75	1
mtn_knn	80	2	mtnknn_N80_seed2	ok	13	15	196	66	74	75	1
mtn_knn	80	3	mtnknn_N80_seed3	ok	12	14	199	64	70	71	1
mtn_knn	80	4	mtnknn_N80_seed4	ok	13	15	192	66	73	74	1
mtn_knn	80	5	mtnknn_N80_seed5	ok	13	15	196	66	74	75	1
mtn_knn	80	6	mtnknn_N80_seed6	ok	15	17	197	70	81	82	1
mtn_knn	80	7	mtnknn_N80_seed7	ok	10	12	198	58	63	64	1
mtn_knn	80	8	mtnknn_N80_seed8	ok	14	16	190	68	76	77	1
mtn_knn	80	9	mtnknn_N80_seed9	ok	12	14	197	64	70	71	1
mtn_knn	80	10	mtnknn_N80_seed10	ok	11	13	200	61	67	68	1
mtn_knn	80	11	mtnknn_N80_seed11	ok	13	15	190	65	73	74	1
mtn_knn	80	12	mtnknn_N80_seed12	ok	14	16	198	69	77	78	1
mtn_knn	80	13	mtnknn_N80_seed13	ok	10	12	198	58	63	64	1
mtn_knn	80	14	mtnknn_N80_seed14	ok	14	16	200	69	78	79	1
mtn_knn	80	15	mtnknn_N80_seed15	ok	13	15	195	66	74	75	1
mtn_knn	80	16	mtnknn_N80_seed16	ok	14	16	194	68	77	78	1
mtn_knn	80	17	mtnknn_N80_seed17	ok	12	14	204	64	71	72	1
mtn_knn	80	18	mtnknn_N80_seed18	ok	13	15	200	66	74	75	1
mtn_knn	80	19	mtnknn_N80_seed19	ok	14	16	190	68	76	77	1
mtn_knn	80	20	mtnknn_N80_seed20	ok	10	12	203	59	63	64	1
mtn_knn	80	21	mtnknn_N80_seed21	ok	11	13	196	61	66	67	1
mtn_knn	80	22	mtnknn_N80_seed22	ok	13	15	193	66	73	74	1
mtn_knn	80	23	mtnknn_N80_seed23	ok	12	14	203	64	71	72	1
mtn_knn	80	24	mtnknn_N80_seed24	ok	13	15	196	66	74	75	1
mtn_knn	80	25	mtnknn_N80_seed25	ok	11	13	199	61	67	68	1
mtn_knn	80	26	mtnknn_N80_seed26	ok	15	17	194	70	80	81	1
mtn_knn	80	27	mtnknn_N80_seed27	ok	11	13	194	61	66	67	1
mtn_knn	80	28	mtnknn_N80_seed28	ok	11	13	194	61	66	67	1
mtn_knn	80	29	mtnknn_N80_seed29	ok	13	15	200	66	74	75	1
mtn_knn	80	30	mtnknn_N80_seed30	ok	15	17	203	71	81	82	1
mtn_knn	80	31	mtnknn_N80_seed31	ok	14	16	196	68	77	78	1
mtn_knn	80	32	mtnknn_N80_seed32	ok	15	17	201	71	81	82	1
mtn_knn	80	33	mtnknn_N80_seed33	ok	13	15	199	66	74	75	1
mtn_knn	80	34	mtnknn_N80_seed34	ok	11	13	201	61	67	68	1
mtn_knn	80	35	mtnknn_N80_seed35	ok	12	14	197	64	70	71	1
mtn_knn	80	36	mtnknn_N80_seed36	ok	13	15	197	66	74	75	1
mtn_knn	80	37	mtnknn_N80_seed37	ok	13	15	202	67	74	75	1
mtn_knn	80	38	mtnknn_N80_seed38	ok	13	15	204	67	75	76	1
mtn_knn	80	39	mtnknn_N80_seed39	ok	11	13	199	61	67	68	1
mtn_knn	80	40	mtnknn_N80_seed40	ok	12	14	193	63	70	71	1
mtn_knn	100	1	mtnknn_N100_seed1	ok	15	17	245	79	86	87	1
mtn_knn	100	2	mtnknn_N100_seed2	ok	15	17	254	79	87	88	1
mtn_knn	100	3	mtnknn_N100_seed3	ok	16	18	245	81	90	91	1
mtn_knn	100	4	mtnknn_N100_seed4	ok	18	20	238	85	96	97	1
mtn_knn	100	5	mtnknn_N100_seed5	ok	14	16	255	77	83	84	1
mtn_knn	100	6	mtnknn_N100_seed6	ok	17	19	245	84	94	95	1
mtn_knn	100	7	mtnknn_N100_seed7	ok	12	14	245	70	75	76	1
mtn_knn	100	8	mtnknn_N100_seed8	ok	17	19	242	83	93	94	1
mtn_knn	100	9	mtnknn_N100_seed9	ok	13	15	245	73	79	80	1
mtn_knn	100	10	mtnknn_N100_seed10	ok	16	18	250	82	90	91	1
mtn_knn	100	11	mtnknn_N100_seed11	ok	13	15	238	72	78	79	1
mtn_knn	100	12	mtnknn_N100_seed12	ok	17	19	248	84	94	95	1
mtn_knn	100	13	mtnknn_N100_seed13	ok	17	19	244	84	93	94	1
mtn_knn	100	14	mtnknn_N100_seed14	ok	14	16	243	76	82	83	1
mtn_knn	100	15	mtnknn_N100_seed15	ok	14	16	251	76	83	84	1
mtn_knn	100	16	mtnknn_N100_seed16	ok	15	17	241	78	86	87	1
mtn_knn	100	17	mtnknn_N100_seed17	ok	13	15	248	73	79	80	1
mtn_knn	100	18	mtnknn_N100_seed18	ok	15	17	242	78	86	87	1
mtn_knn	100	19	mtnknn_N100_seed19	ok	17	19	241	83	93	94	1
mtn_knn	100	20	mtnknn_N100_seed20	ok	13	15	246	73	79	80	1
mtn_knn	100	21	mtnknn_N100_seed21	ok	15	17	244	78	86	87	1
mtn_knn	100	22	mtnknn_N100_seed22	ok	15	17	243	78	86	87	1
mtn_knn	100	23	mtnknn_N100_seed23	ok	13	15	248	73	79	80	1
mtn_knn	100	24	mtnknn_N100_seed24	ok	13	15	241	72	78	79	1
mtn_knn	100	25	mtnknn_N100_seed25	ok	14	16	250	76	83	84	1
mtn_knn	100	26	mtnknn_N100_seed26	ok	14	16	240	75	82	83	1
mtn_knn	100	27	mtnknn_N100_seed27	ok	14	16	248	76	83	84	1
mtn_knn	100	28	mtnknn_N100_seed28	ok	15	17	234	77	85	86	1
mtn_knn	100	29	mtnknn_N100_seed29	ok	13	15	248	73	79	80	1
mtn_knn	100	30	mtnknn_N100_seed30	ok	14	16	246	76	83	84	1
mtn_knn	100	31	mtnknn_N100_seed31	ok	15	17	242	78	86	87	1
mtn_knn	100	32	mtnknn_N100_seed32	ok	14	16	251	76	83	84	1
mtn_knn	100	33	mtnknn_N100_seed33	ok	14	16	246	76	83	84	1
mtn_knn	100	34	mtnknn_N100_seed34	ok	13	15	247	73	79	80	1
mtn_knn	100	35	mtnknn_N100_seed35	ok	17	19	249	84	94	95	1
mtn_knn	100	36	mtnknn_N100_seed36	ok	17	19	243	83	93	94	1
mtn_knn	100	37	mtnknn_N100_seed37	ok	14	16	245	76	83	84	1
mtn_knn	100	38	mtnknn_N100_seed38	ok	16	18	250	82	90	91	1
mtn_knn	100	39	mtnknn_N100_seed39	ok	18	20	246	86	97	98	1
mtn_knn	100	40	mtnknn_N100_seed40	ok	15	17	240	78	86	87	1
grid	12	1	grid_k12_N144_seed1	ok	22	24	264	103	113	114	0
grid	12	2	grid_k12_N144_seed2	ok	22	24	264	103	113	114	0
grid	12	3	grid_k12_N144_seed3	ok	22	24	264	103	113	114	0
grid	12	4	grid_k12_N144_seed4	ok	22	24	264	103	113	114	0
grid	12	5	grid_k12_N144_seed5	ok	22	24	264	103	113	114	0
grid	12	6	grid_k12_N144_seed6	ok	22	24	264	103	113	114	0
grid	12	7	grid_k12_N144_seed7	ok	22	24	264	103	113	114	0
grid	12	8	grid_k12_N144_seed8	ok	22	24	264	103	113	114	0
grid	12	9	grid_k12_N144_seed9	ok	22	24	264	103	113	114	0
grid	12	10	grid_k12_N144_seed10	ok	22	24	264	103	113	114	0
grid	12	11	grid_k12_N144_seed11	ok	22	24	264	103	113	114	0
grid	12	12	grid_k12_N144_seed12	ok	22	24	264	103	113	114	0
grid	12	13	grid_k12_N144_seed13	ok	22	24	264	103	113	114	0
grid	12	14	grid_k12_N144_seed14	ok	22	24	264	103	113	114	0
grid	12	15	grid_k12_N144_seed15	ok	22	24	264	103	113	114	0
grid	12	16	grid_k12_N144_seed16	ok	22	24	264	103	113	114	0
grid	12	17	grid_k12_N144_seed17	ok	22	24	264	103	113	114	0
grid	12	18	grid_k12_N144_seed18	ok	22	24	264	103	113	114	0
grid	12	19	grid_k12_N144_seed19	ok	22	24	264	103	113	114	0
grid	12	20	grid_k12_N144_seed20	ok	22	24	264	103	113	114	0
grid	12	21	grid_k12_N144_seed21	ok	22	24	264	103	113	114	0
grid	12	22	grid_k12_N144_seed22	ok	22	24	264	103	113	114	0
grid	12	23	grid_k12_N144_seed23	ok	22	24	264	103	113	114	0
grid	12	24	grid_k12_N144_seed24	ok	22	24	264	103	113	114	0
grid	12	25	grid_k12_N144_seed25	ok	22	24	264	103	113	114	0
grid	12	26	grid_k12_N144_seed26	ok	22	24	264	103	113	114	0
grid	12	27	grid_k12_N144_seed27	ok	22	24	264	103	113	114	0
grid	12	28	grid_k12_N144_seed28	ok	22	24	264	103	113	114	0
grid	12	29	grid_k12_N144_seed29	ok	22	24	264	103	113	114	0
grid	12	30	grid_k12_N144_seed30	ok	22	24	264	103	113	114	0
grid	12	31	grid_k12_N144_seed31	ok	22	24	264	103	113	114	0
grid	12	32	grid_k12_N144_seed32	ok	22	24	264	103	113	114	0
grid	12	33	grid_k12_N144_seed33	ok	22	24	264	103	113	114	0
grid	12	34	grid_k12_N144_seed34	ok	22	24	264	103	113	114	0
grid	12	35	grid_k12_N144_seed35	ok	22	24	264	103	113	114	0
grid	12	36	grid_k12_N144_seed36	ok	22	24	264	103	113	114	0
grid	12	37	grid_k12_N144_seed37	ok	22	24	264	103	113	114	0
grid	12	38	grid_k12_N144_seed38	ok	22	24	264	103	113	114	0
grid	12	39	grid_k12_N144_seed39	ok	22	24	264	103	113	114	0
grid	12	40	grid_k12_N144_seed40	ok	22	24	264	103	113	114	0
mtn_knn	140	1	mtnknn_N140_seed1	CENSORED	19	21	334	102	110	111	0
mtn_knn	140	2	mtnknn_N140_seed2	CENSORED	20	22	343	106	115	116	0
mtn_knn	140	3	mtnknn_N140_seed3	CENSORED	18	20	335	99	106	107	0
mtn_knn	140	4	mtnknn_N140_seed4	CENSORED	22	24	347	112	123	124	0
mtn_knn	140	5	mtnknn_N140_seed5	CENSORED	19	21	343	103	111	112	0
mtn_knn	140	6	mtnknn_N140_seed6	CENSORED	21	23	339	108	118	119	0
mtn_knn	140	7	mtnknn_N140_seed7	CENSORED	17	19	346	97	103	104	0
mtn_knn	140	8	mtnknn_N140_seed8	ok	17	19	334	96	102	103	0
mtn_knn	140	9	mtnknn_N140_seed9	CENSORED	21	23	351	109	119	120	0
mtn_knn	140	10	mtnknn_N140_seed10	CENSORED	19	21	349	103	112	113	0
mtn_knn	140	11	mtnknn_N140_seed11	ok	19	21	335	102	110	111	0
mtn_knn	140	12	mtnknn_N140_seed12	ok	17	19	347	97	103	104	0
mtn_knn	140	13	mtnknn_N140_seed13	ok	18	20	341	99	107	108	0
mtn_knn	140	14	mtnknn_N140_seed14	ok	15	17	340	89	95	96	1
mtn_knn	140	15	mtnknn_N140_seed15	ok	14	16	344	86	91	92	1
mtn_knn	140	16	mtnknn_N140_seed16	CENSORED	21	23	347	109	119	120	0
mtn_knn	140	17	mtnknn_N140_seed17	ok	16	18	341	93	99	100	1
mtn_knn	140	18	mtnknn_N140_seed18	ok	16	18	338	93	99	100	1
mtn_knn	140	19	mtnknn_N140_seed19	CENSORED	20	22	341	105	115	116	0
mtn_knn	140	20	mtnknn_N140_seed20	ok	16	18	342	93	99	100	1
mtn_knn	140	21	mtnknn_N140_seed21	ok	16	18	343	93	99	100	1
mtn_knn	140	22	mtnknn_N140_seed22	CENSORED	19	21	341	102	111	112	0
mtn_knn	140	23	mtnknn_N140_seed23	ok	16	18	343	93	99	100	1
mtn_knn	140	24	mtnknn_N140_seed24	ok	18	20	341	99	107	108	0
mtn_knn	140	25	mtnknn_N140_seed25	CENSORED	20	22	351	106	116	117	0
mtn_knn	140	26	mtnknn_N140_seed26	ok	18	20	340	99	107	108	0
mtn_knn	140	27	mtnknn_N140_seed27	ok	15	17	342	89	95	96	1
mtn_knn	140	28	mtnknn_N140_seed28	CENSORED	19	21	340	102	111	112	0
mtn_knn	140	29	mtnknn_N140_seed29	ok	15	17	341	89	95	96	1
mtn_knn	140	30	mtnknn_N140_seed30	ok	15	17	344	90	95	96	1
mtn_knn	140	31	mtnknn_N140_seed31	ok	18	20	334	99	106	107	0
mtn_knn	140	32	mtnknn_N140_seed32	CENSORED	21	23	351	109	119	120	0
mtn_knn	140	33	mtnknn_N140_seed33	CENSORED	19	21	350	103	112	113	0
mtn_knn	140	34	mtnknn_N140_seed34	ok	15	17	343	90	95	96	1
mtn_knn	140	35	mtnknn_N140_seed35	ok	16	18	338	93	99	100	1
mtn_knn	140	36	mtnknn_N140_seed36	ok	18	20	338	99	107	108	0
mtn_knn	140	37	mtnknn_N140_seed37	ok	17	19	349	97	104	105	0
mtn_knn	140	38	mtnknn_N140_seed38	CENSORED	21	23	354	109	120	121	0
mtn_knn	140	39	mtnknn_N140_seed39	CENSORED	23	25	342	114	126	127	0
mtn_knn	140	40	mtnknn_N140_seed40	ok	15	17	348	90	95	96	1
