stage,N,c,bias,lam,graph_seed,L,opt_cost,mean_deg,n_edges,n_neurons,n_segments,sampler_seed,steps,burnin,steps_scored,wall_s,steps_per_s,band_lo,band_hi,band_halfwidth,matched_shell,band_steps,transient_band_steps,matched_steps,consistent_steps,mass_path,mass_scatter,mass_mixed,mass_closed,band_frac,matched_frac,classified_per_1e6,path_per_1e6,scatter_per_1e6,n_eff_band,n_eff_classified,n_eff_path,n_eff_scatter,n_eff_active,n_eff_frac,mean_active,mode_active,min_active_reached,max_active_reached,act_over_shell,mean_E_path,mean_E_scatter,mean_alpha_w_path,mean_alpha_w_scatter,alpha_hist_incl_burnin,active_hist,st_mode,tau,irm_threshold,record_every,date
P,12,2.0,-3.0,0.0,3,2,0.758849665523,4.333333333333,26,104,24,1002,2000000,10000,1990000,77.076,25948.3,2,6,2,4,0,0,0,0,0,0,0,0,0.0,0.0,0.0,0.0,0.0,,,,,1065961.17,0.535659,39.736,44,11,60,9.934,,,,,,11:1;14:6;15:15;16:55;17:122;18:244;19:457;20:690;21:1100;22:1602;23:2406;24:3692;25:5931;26:9761;27:16238;28:25424;29:37012;30:49617;31:61549;32:72270;33:79746;34:83115;35:81955;36:77964;37:73893;38:74350;39:82814;40:97369;41:119207;42:140988;43:156128;44:157934;45:145310;46:120572;47:87572;48:57989;49:34036;50:17403;51:7741;52:3487;53:1399;54:519;55:237;56:63;57:10;58:5;60:2,always_on,10,none,200,2026-07-28
P,12,2.0,-3.0,0.0,3,2,0.758849665523,4.333333333333,26,104,24,1004,2000000,10000,1990000,81.117,24655.7,2,6,2,4,0,0,0,0,0,0,0,0,0.0,0.0,0.0,0.0,0.0,,,,,994423.2,0.49971,40.301,44,15,59,10.075,,,,,,15:3;16:8;17:34;18:92;19:229;20:502;21:968;22:1743;23:2989;24:5076;25:8173;26:13102;27:19336;28:28413;29:38233;30:48857;31:57807;32:64388;33:67312;34:66697;35:62633;36:59435;37:57299;38:61566;39:73533;40:92404;41:115848;42:142200;43:161170;44:168769;45:159740;46:138582;47:108352;48:74525;49:45135;50:24668;51:11642;52:5139;53:2290;54:707;55:281;56:85;57:23;58:5;59:7,always_on,10,none,200,2026-07-28
P,12,2.0,-3.0,0.0,3,2,0.758849665523,4.333333333333,26,104,24,1005,2000000,10000,1990000,82.098,24361.1,2,6,2,4,0,0,0,0,0,0,0,0,0.0,0.0,0.0,0.0,0.0,,,,,221417.52,0.111265,39.639,45,12,60,9.91,,,,,,12:3;13:1;14:9;15:28;16:66;17:198;18:478;19:1045;20:2022;21:3824;22:6537;23:10331;24:15046;25:20854;26:27352;27:34267;28:42407;29:51342;30:61692;31:70259;32:75859;33:74937;34:68201;35:57074;36:46110;37:39399;38:40356;39:49394;40:66885;41:90625;42:116726;43:139602;44:154696;45:156203;46:143064;47:118597;48:88961;49:56071;50:31615;51:15501;52:7224;53:2967;54:1173;55:645;56:256;57:61;58:23;59:9;60:5,always_on,10,none,200,2026-07-28
P,12,2.0,-3.0,0.0,3,2,0.758849665523,4.333333333333,26,104,24,1001,2000000,10000,1990000,86.442,23136.8,2,6,2,4,0,0,0,0,0,0,0,0,0.0,0.0,0.0,0.0,0.0,,,,,1054527.42,0.529913,41.949,47,14,58,10.487,,,,,,14:7;15:39;16:191;17:785;18:2567;19:6394;20:13233;21:22564;22:33849;23:41525;24:48062;25:45019;26:41762;27:33894;28:25831;29:17783;30:11612;31:7260;32:4508;33:2774;34:2033;35:2367;36:3474;37:6618;38:12007;39:21660;40:37084;41:58173;42:89939;43:124666;44:161607;45:192436;46:219169;47:224055;48:198742;49:136525;50:78461;51:37915;52:15652;53:5413;54:1578;55:514;56:209;57:38;58:6,always_on,10,none,200,2026-07-28
P,12,2.0,-3.0,0.0,3,2,0.758849665523,4.333333333333,26,104,24,1007,2000000,10000,1990000,86.989,22991.4,2,6,2,4,0,1,0,0,0,0,0,0,0.0,0.0,0.0,0.0,0.0,,,,,1038388.32,0.521803,40.282,44,16,59,10.07,,,,,,16:9;17:27;18:60;19:163;20:394;21:643;22:1224;23:2209;24:3958;25:6652;26:10976;27:17418;28:26072;29:36600;30:47314;31:56919;32:64237;33:68926;34:69276;35:66886;36:64010;37:63431;38:66904;39:77022;40:95509;41:118240;42:142335;43:161500;44:166377;45:157795;46:137293;47:104431;48:71232;49:42735;50:22947;51:10563;52:4708;53:1905;54:728;55:251;56:80;57:31;58:9;59:1,always_on,10,none,200,2026-07-28
P,12,2.0,-3.0,0.0,2,3,0.394448835403,4.5,27,108,24,1007,2000000,10000,1990000,89.601,22321.2,4,8,2,6,0,1,0,0,0,0,0,0,0.0,0.0,0.0,0.0,0.0,,,,,1123145.04,0.564394,37.779,41,16,58,6.297,,,,,,16:2;17:2;18:9;19:33;20:67;21:212;22:471;23:1215;24:2942;25:6676;26:13893;27:25102;28:40790;29:58971;30:75216;31:85260;32:87790;33:85530;34:80682;35:78731;36:84592;37:99746;38:122831;39:149334;40:170615;41:178114;42:167095;43:136881;44:99736;45:63447;46:36275;47:19714;48:9959;49:4542;50:2064;51:918;52:328;53:144;54:40;55:13;56:11;57:6;58:1,always_on,10,none,200,2026-07-28
P,12,2.0,-3.0,0.0,2,3,0.394448835403,4.5,27,108,24,1005,2000000,10000,1990000,95.862,20863.4,4,8,2,6,0,1,0,0,0,0,0,0,0.0,0.0,0.0,0.0,0.0,,,,,1125698.75,0.565678,37.739,41,15,58,6.29,,,,,,15:1;16:4;17:11;18:17;19:43;20:70;21:227;22:529;23:1223;24:2970;25:6606;26:13569;27:25299;28:41560;29:59283;30:75985;31:86056;32:89493;33:85529;34:81308;35:79478;36:84200;37:99605;38:122731;39:150035;40:171225;41:177763;42:167126;43:135543;44:98953;45:62546;46:35108;47:18774;48:9495;49:4386;50:1937;51:780;52:327;53:136;54:36;55:23;56:8;58:2,always_on,10,none,200,2026-07-28
P,12,2.0,-3.0,0.0,3,2,0.758849665523,4.333333333333,26,104,24,1006,2000000,10000,1990000,103.17,19385.6,2,6,2,4,0,1,0,0,0,0,0,0,0.0,0.0,0.0,0.0,0.0,,,,,583780.9,0.293357,40.035,44,12,58,10.009,,,,,,12:1;13:4;14:2;15:25;16:52;17:114;18:231;19:450;20:732;21:1251;22:1976;23:3070;24:4540;25:7299;26:11470;27:17867;28:27323;29:38240;30:50672;31:60815;32:69508;33:74679;34:76525;35:75086;36:72189;37:68142;38:68369;39:75169;40:87970;41:107266;42:128364;43:146861;44:157106;45:153583;46:135655;47:105620;48:74122;49:44771;50:23729;51:11412;52:4863;53:1798;54:736;55:238;56:75;57:27;58:3,always_on,10,none,200,2026-07-28
P,12,2.0,-3.0,0.0,1,4,0.557425312232,4.166666666667,25,100,24,1001,2000000,10000,1990000,105.377,18979.5,6,10,2,8,33,7,0,0,0,0,0,0,1.6582915e-05,0.0,0.0,0.0,0.0,1990000.0,,,,228389.72,0.114769,27.681,29,9,46,3.46,,,,,,9:3;10:30;11:91;12:460;13:1461;14:3611;15:7579;16:13679;17:21941;18:31252;19:40956;20:48832;21:53572;22:58016;23:64621;24:78904;25:103430;26:138966;27:174818;28:203574;29:211491;30:197848;31:168263;32:129046;33:91659;34:60009;35:37200;36:22340;37:12832;38:7008;39:3547;40:1725;41:783;42:335;43:77;44:27;45:12;46:2,always_on,10,none,200,2026-07-28
P,12,2.0,-3.0,0.0,2,3,0.394448835403,4.5,27,108,24,1000,2000000,10000,1990000,105.508,18955.9,4,8,2,6,0,1,0,0,0,0,0,0,0.0,0.0,0.0,0.0,0.0,,,,,433589.32,0.217884,37.425,41,13,56,6.238,,,,,,13:2;14:6;15:18;16:52;17:157;18:343;19:635;20:1273;21:2003;22:3009;23:4408;24:6664;25:10377;26:17128;27:27752;28:43104;29:60177;30:76847;31:87798;32:92909;33:91097;34:87274;35:84246;36:86716;37:98851;38:119450;39:142426;40:162406;41:168946;42:157241;43:130594;44:95530;45:60328;46:34554;47:18522;48:9435;49:4396;50:1946;51:833;52:351;53:108;54:44;55:24;56:20,always_on,10,none,200,2026-07-28
P,12,2.0,-3.0,0.0,1,4,0.557425312232,4.166666666667,25,100,24,1007,2000000,10000,1990000,105.975,18872.4,6,10,2,8,17,4,1,0,0,0,0,0,8.542714e-06,5.02513e-07,0.0,0.0,0.0,,,,,230046.24,0.115601,27.72,29,8,46,3.465,,,,,,8:1;9:2;10:14;11:95;12:436;13:1403;14:3508;15:7310;16:13406;17:21619;18:31229;19:40845;20:48323;21:53548;22:57452;23:64152;24:78070;25:102794;26:136879;27:173703;28:202473;29:212305;30:199094;31:168671;32:130380;33:92713;34:61303;35:38262;36:23057;37:13069;38:7196;39:3664;40:1709;41:745;42:319;43:167;44:62;45:17;46:5,always_on,10,none,200,2026-07-28
P,12,2.0,-3.0,0.0,2,3,0.394448835403,4.5,27,108,24,1006,2000000,10000,1990000,108.424,18446.2,4,8,2,6,0,1,0,0,0,0,0,0,0.0,0.0,0.0,0.0,0.0,,,,,630562.0,0.316865,37.697,41,11,56,6.283,,,,,,11:1;12:1;13:1;14:5;15:16;16:35;17:98;18:172;19:309;20:559;21:848;22:1397;23:2367;24:3992;25:7740;26:14563;27:26038;28:41557;29:59604;30:76322;31:86390;32:90511;33:87799;34:83481;35:79695;36:83326;37:96192;38:118706;39:143800;40:164890;41:174071;42:164742;43:137323;44:102075;45:64639;46:37187;47:20171;48:10370;49:5016;50:2345;51:962;52:402;53:192;54:54;55:34;56:2,always_on,10,none,200,2026-07-28
P,12,2.0,-3.0,0.0,3,2,0.758849665523,4.333333333333,26,104,24,1000,2000000,10000,1990000,109.867,18203.8,2,6,2,4,0,1,0,0,0,0,0,0,0.0,0.0,0.0,0.0,0.0,,,,,1139585.43,0.572656,40.086,44,17,59,10.022,,,,,,17:1;18:2;19:2;20:30;21:78;22:255;23:652;24:1641;25:3704;26:7785;27:14041;28:23490;29:34232;30:46057;31:56558;32:66381;33:72746;34:76043;35:75657;36:74721;37:73944;38:77077;39:86126;40:104055;41:127099;42:149274;43:163284;44:164748;45:149935;46:124346;47:91507;48:59125;49:34129;50:17530;51:8115;52:3529;53:1247;54:545;55:183;56:76;57:42;58:5;59:3,always_on,10,none,200,2026-07-28
P,12,2.0,-3.0,0.0,1,4,0.557425312232,4.166666666667,25,100,24,1005,2000000,10000,1990000,112.044,17850.2,6,10,2,8,11,6,0,0,0,0,0,0,5.527638e-06,0.0,0.0,0.0,0.0,,,,,144247.23,0.072486,27.718,29,9,46,3.465,,,,,,9:1;10:10;11:54;12:248;13:780;14:1838;15:3979;16:7580;17:12945;18:20715;19:30531;20:41287;21:53171;22:65146;23:80006;24:98924;25:123977;26:153957;27:183486;28:203921;29:208289;30:192176;31:160464;32:122152;33:85812;34:56399;35:35658;36:21531;37:12056;38:6584;39:3437;40:1726;41:718;42:302;43:90;44:38;45:8;46:4,always_on,10,none,200,2026-07-28
P,12,2.0,-3.0,0.0,3,2,0.758849665523,4.333333333333,26,104,24,1003,2000000,10000,1990000,129.718,15418.0,2,6,2,4,0,2,0,0,0,0,0,0,0.0,0.0,0.0,0.0,0.0,,,,,659233.69,0.331273,40.544,44,14,61,10.136,,,,,,14:2;15:2;16:4;17:11;18:16;19:35;20:77;21:183;22:445;23:1025;24:2175;25:4539;26:8685;27:15295;28:24684;29:35268;30:46460;31:55193;32:62423;33:66651;34:68696;35:67346;36:66049;37:65292;38:67858;39:75983;40:91141;41:112673;42:136096;43:154942;44:164538;45:161397;46:144083;47:114491;48:80035;49:48943;50:26061;51:12459;52:5533;53:2076;54:715;55:299;56:80;57:18;58:11;59:6;60:2;61:4,always_on,10,none,200,2026-07-28
P,12,2.0,-3.0,0.0,2,3,0.394448835403,4.5,27,108,24,1004,2000000,10000,1990000,131.011,15265.9,4,8,2,6,0,1,0,0,0,0,0,0,0.0,0.0,0.0,0.0,0.0,,,,,1054589.23,0.529944,38.77,43,12,57,6.462,,,,,,12:1;13:4;14:45;15:285;16:1116;17:3760;18:9201;19:18507;20:29655;21:38550;22:43451;23:40073;24:37756;25:34248;26:30035;27:24731;28:18716;29:13003;30:8485;31:5463;32:4251;33:4895;34:7661;35:13985;36:25946;37:45205;38:73675;39:110799;40:152169;41:193313;42:231062;43:246928;44:216904;45:144187;46:82577;47:43357;48:20604;49:9111;50:3939;51:1447;52:552;53:218;54:68;55:35;56:20;57:7,always_on,10,none,200,2026-07-28
P,12,2.0,-3.0,0.0,1,4,0.557425312232,4.166666666667,25,100,24,1002,2000000,10000,1990000,153.338,13043.1,6,10,2,8,24,2,3,0,0,0,0,0,1.2060302e-05,1.507538e-06,0.0,0.0,0.0,,,,,227290.26,0.114216,27.685,29,8,46,3.461,,,,,,8:3;9:2;10:19;11:92;12:446;13:1382;14:3446;15:7107;16:13398;17:21300;18:30996;19:40560;20:48125;21:53887;22:58504;23:64994;24:79570;25:104246;26:139205;27:175420;28:203576;29:212625;30:199802;31:167372;32:127796;33:90173;34:60424;35:37250;36:22345;37:12469;38:6772;39:3542;40:1790;41:788;42:385;43:127;44:49;45:11;46:2,always_on,10,none,200,2026-07-28
P,12,2.0,-3.0,0.0,1,4,0.557425312232,4.166666666667,25,100,24,1004,2000000,10000,1990000,155.096,12895.3,6,10,2,8,20,3,0,0,0,0,0,0,1.0050251e-05,0.0,0.0,0.0,0.0,,,,,231060.34,0.116111,27.713,29,10,46,3.464,,,,,,10:20;11:117;12:468;13:1389;14:3400;15:7380;16:13264;17:21647;18:31341;19:40740;20:48268;21:53548;22:57648;23:64181;24:77597;25:102242;26:137212;27:174403;28:203678;29:213176;30:199662;31:169729;32:129940;33:91516;34:60264;35:37728;36:22542;37:12950;38:7073;39:3732;40:1752;41:832;42:349;43:158;44:39;45:7;46:8,always_on,10,none,200,2026-07-28
P,12,2.0,-3.0,0.0,2,3,0.394448835403,4.5,27,108,24,1001,2000000,10000,1990000,159.25,12558.9,4,8,2,6,0,0,0,0,0,0,0,0,0.0,0.0,0.0,0.0,0.0,,,,,930067.94,0.467371,37.817,42,12,57,6.303,,,,,,12:1;13:4;14:43;15:196;16:791;17:2304;18:5843;19:11501;20:18955;21:25311;22:29556;23:29670;24:29759;25:29263;26:29570;27:29725;28:30747;29:33878;30:37463;31:41293;32:43696;33:46297;34:47449;35:50149;36:55357;37:67623;38:89307;39:116013;40:147366;41:174333;42:189814;43:188977;44:160346;45:105662;46:60476;47:32504;48:16182;49:7436;50:3110;51:1274;52:430;53:200;54:86;55:22;56:16;57:2,always_on,10,none,200,2026-07-28
P,12,2.0,-3.0,0.0,1,4,0.557425312232,4.166666666667,25,100,24,1006,2000000,10000,1990000,160.311,12475.8,6,10,2,8,21,5,0,0,0,0,0,0,1.0552764e-05,0.0,0.0,0.0,0.0,,,,,230676.7,0.115918,27.714,29,9,45,3.464,,,,,,9:2;10:19;11:100;12:457;13:1378;14:3378;15:7330;16:13297;17:21816;18:31530;19:40642;20:48656;21:53374;22:57262;23:63779;24:77749;25:102734;26:137411;27:174806;28:202703;29:212398;30:199345;31:169754;32:130354;33:91742;34:60858;35:37634;36:22357;37:13065;38:7209;39:3737;40:1812;41:850;42:308;43:98;44:50;45:6,always_on,10,none,200,2026-07-28
P,12,2.0,-3.0,0.0,1,4,0.557425312232,4.166666666667,25,100,24,1003,2000000,10000,1990000,160.669,12447.9,6,10,2,8,0,1,0,0,0,0,0,0,0.0,0.0,0.0,0.0,0.0,,,,,164043.31,0.082434,27.758,28,11,46,3.47,,,,,,11:8;12:24;13:101;14:373;15:1174;16:3115;17:7008;18:14221;19:25012;20:38387;21:53939;22:70863;23:88318;24:109130;25:134116;26:162215;27:188837;28:206384;29:205370;30:187669;31:156823;32:118751;33:83489;34:54875;35:34075;36:20503;37:12203;38:6526;39:3474;40:1645;41:823;42:353;43:128;44:49;45:14;46:5,always_on,10,none,200,2026-07-28
P,12,2.0,-3.0,0.0,1,4,0.557425312232,4.166666666667,25,100,24,1000,2000000,10000,1990000,160.79,12438.6,6,10,2,8,9,8,0,0,0,0,0,0,4.522613e-06,0.0,0.0,0.0,0.0,,,,,207047.72,0.104044,27.7,29,10,46,3.463,,,,,,10:9;11:94;12:340;13:927;14:2336;15:4798;16:8806;17:15285;18:23294;19:32943;20:43400;21:54114;22:64689;23:77392;24:94221;25:118307;26:149692;27:180931;28:204296;29:207715;30:193146;31:161438;32:123774;33:87494;34:57457;35:35454;36:21505;37:12468;38:7190;39:3593;40:1697;41:724;42:317;43:111;44:27;45:11;46:5,always_on,10,none,200,2026-07-28
P,12,2.0,-3.0,0.0,2,3,0.394448835403,4.5,27,108,24,1003,2000000,10000,1990000,162.343,12319.6,4,8,2,6,0,1,0,0,0,0,0,0,0.0,0.0,0.0,0.0,0.0,,,,,723745.31,0.363691,37.479,41,13,56,6.246,,,,,,13:2;14:1;15:15;16:67;17:247;18:853;19:1896;20:3503;21:6121;22:9208;23:12328;24:15779;25:19496;26:24741;27:31900;28:42825;29:54976;30:66893;31:74776;32:77750;33:76788;34:73626;35:72400;36:77244;37:90749;38:111823;39:138863;40:162890;41:173312;42:166837;43:142973;44:107614;45:69987;46:39533;47:21655;48:10912;49:5148;50:2467;51:1035;52:493;53:180;54:64;55:27;56:3,always_on,10,none,200,2026-07-28
P,12,2.0,-3.0,0.0,2,3,0.394448835403,4.5,27,108,24,1002,2000000,10000,1990000,163.009,12269.3,4,8,2,6,0,1,0,0,0,0,0,0,0.0,0.0,0.0,0.0,0.0,,,,,1128875.49,0.567274,37.776,41,17,56,6.296,,,,,,17:2;18:3;19:9;20:31;21:122;22:413;23:1068;24:2871;25:6356;26:13689;27:25197;28:41354;29:59364;30:75976;31:85021;32:88521;33:85208;34:80219;35:78710;36:84076;37:99539;38:122494;39:149551;40:171681;41:178773;42:166898;43:135963;44:99306;45:63658;46:36783;47:19457;48:9951;49:4544;50:1945;51:785;52:285;53:106;54:56;55:6;56:9,always_on,10,none,200,2026-07-28
P,12,2.0,-3.0,0.0,5,2,0.800192773342,4.833333333333,29,116,24,1002,2000000,10000,1990000,59.367,33689.0,2,6,2,4,0,0,0,0,0,0,0,0,0.0,0.0,0.0,0.0,0.0,,,,,970653.61,0.487766,36.223,40,10,57,9.056,,,,,,10:2;11:8;12:36;13:138;14:492;15:1481;16:3849;17:8033;18:14479;19:22227;20:31108;21:37762;22:41432;23:40254;24:36492;25:30286;26:25753;27:22693;28:21167;29:21138;30:21478;31:24315;32:29469;33:39893;34:55415;35:78052;36:106523;37:136220;38:163515;39:185066;40:194083;41:181801;42:152685;43:112381;44:72323;45:41028;46:20124;47:9535;48:4305;49:1781;50:718;51:287;52:107;53:54;54:3;55:2;56:4;57:3,always_on,10,none,200,2026-07-28
P,12,2.0,-3.0,0.0,4,4,1.326793797314,3.0,18,72,24,1007,2000000,10000,1990000,62.985,31753.7,6,10,2,8,228,16,10,0,0,0,0,0,0.000114572864,5.025126e-06,0.0,0.0,0.0,1680739.62,,,,155720.99,0.078252,25.042,27,7,40,3.13,,,,,,7:1;8:10;9:37;10:180;11:589;12:1543;13:3131;14:5532;15:8992;16:14009;17:23228;18:39608;19:62077;20:90667;21:116752;22:134761;23:148296;24:164890;25:187881;26:211626;27:220664;28:199418;29:154307;30:101301;31:55810;32:26702;33:11284;34:4371;35:1561;36:542;37:154;38:57;39:14;40:5,always_on,10,none,200,2026-07-28
P,12,2.0,-3.0,0.0,4,4,1.326793797314,3.0,18,72,24,1001,2000000,10000,1990000,89.402,22370.9,6,10,2,8,191,1,18,1,0,0,1,0,9.5979899e-05,9.045226e-06,0.502512562814,0.0,0.0,1344076.78,,,,150551.63,0.075654,25.005,27,7,40,3.126,,,,,2:1,7:3;8:18;9:42;10:128;11:404;12:1113;13:2337;14:4248;15:7427;16:12589;17:22617;18:40152;19:64393;20:93869;21:120677;22:140231;23:153080;24:167803;25:189339;26:208667;27:215913;28:196069;29:151606;30:99084;31:55298;32:25654;33:10810;34:4203;35:1459;36:559;37:154;38:39;39:12;40:3,always_on,10,none,200,2026-07-28
P,12,2.0,-3.0,0.0,4,4,1.326793797314,3.0,18,72,24,1006,2000000,10000,1990000,82.327,24293.5,6,10,2,8,188,10,11,0,0,0,0,0,9.4472362e-05,5.527638e-06,0.0,0.0,0.0,1732300.62,,,,169377.82,0.085114,25.077,27,7,40,3.135,,,,,,7:1;8:11;9:23;10:153;11:517;12:1580;13:3298;14:6199;15:9889;16:15459;17:24842;18:39324;19:61104;20:87224;21:111841;22:129742;23:144135;24:164089;25:188409;26:214208;27:222900;28:203214;29:157407;30:102488;31:56824;32:27574;33:11283;34:4143;35:1414;36:495;37:139;38:50;39:17;40:4,always_on,10,none,200,2026-07-28
P,12,2.0,-3.0,0.0,4,4,1.326793797314,3.0,18,72,24,1004,2000000,10000,1990000,100.664,19868.1,6,10,2,8,275,7,11,0,0,0,0,0,0.000138190955,5.527638e-06,0.0,0.0,0.0,1168291.8,,,,156442.51,0.078614,25.047,27,7,43,3.131,,,,,,7:3;8:11;9:50;10:211;11:666;12:1727;13:3487;14:6381;15:10287;16:15660;17:24630;18:39704;19:61496;20:87994;21:112880;22:131286;23:145518;24:164759;25:188908;26:213396;27:221719;28:200923;29:154857;30:101888;31:56528;32:26938;33:11367;34:4419;35:1502;36:529;37:140;38:71;39:29;40:17;41:11;42:7;43:1,always_on,10,none,200,2026-07-28
P,12,2.0,-3.0,0.0,4,4,1.326793797314,3.0,18,72,24,1000,2000000,10000,1990000,117.004,17093.4,6,10,2,8,251,34,10,0,0,0,0,0,0.000126130653,5.025126e-06,0.0,0.0,0.0,1682110.17,,,,160058.72,0.080432,24.993,27,8,42,3.124,,,,,,8:10;9:43;10:198;11:652;12:1838;13:3936;14:7243;15:11669;16:17442;17:26747;18:42012;19:62980;20:88681;21:112722;22:131263;23:144984;24:162172;25:187285;26:211964;27:220187;28:199580;29:154455;30:101985;31:56349;32:26435;33:10785;34:4261;35:1447;36:461;37:149;38:54;39:8;41:1;42:2,always_on,10,none,200,2026-07-28
P,12,2.0,-3.0,0.0,4,4,1.326793797314,3.0,18,72,24,1005,2000000,10000,1990000,108.155,18492.0,6,10,2,8,183,32,10,0,0,0,0,0,9.1959799e-05,5.025126e-06,0.0,0.0,0.0,1524334.85,,,,126506.13,0.063571,25.025,27,7,41,3.128,,,,,,7:3;8:10;9:28;10:142;11:434;12:1086;13:2231;14:4143;15:7195;16:12348;17:22087;18:39021;19:63669;20:92895;21:119646;22:139680;23:152144;24:169193;25:189986;26:211943;27:217305;28:196163;29:151186;30:98937;31:54960;32:25985;33:10997;34:4408;35:1499;36:501;37:122;38:36;39:10;40:4;41:3,always_on,10,none,200,2026-07-28
P,12,2.0,-3.0,0.0,4,4,1.326793797314,3.0,18,72,24,1002,2000000,10000,1990000,117.487,17023.2,6,10,2,8,417,7,6,0,0,0,0,0,0.000209547739,3.015075e-06,0.0,0.0,0.0,1726424.83,,,,163354.99,0.082088,25.027,27,7,40,3.128,,,,,,7:2;8:6;9:81;10:328;11:1018;12:2660;13:5340;14:9166;15:13852;16:19485;17:27584;18:41237;19:60643;20:84809;21:106886;22:124044;23:139407;24:159171;25:186492;26:213898;27:223679;28:204345;29:158695;30:104020;31:57588;32:27336;33:11515;34:4314;35:1623;36:543;37:170;38:46;39:15;40:2,always_on,10,none,200,2026-07-28
P,12,2.0,-3.0,0.0,5,2,0.800192773342,4.833333333333,29,116,24,1005,2000000,10000,1990000,90.577,22080.7,2,6,2,4,0,1,0,0,0,0,0,0,0.0,0.0,0.0,0.0,0.0,,,,,600206.21,0.301611,34.995,38,12,56,8.749,,,,,,12:2;13:3;14:44;15:116;16:242;17:604;18:1107;19:2169;20:3702;21:6201;22:10291;23:16559;24:25923;25:38216;26:52050;27:64491;28:73883;29:79702;30:80150;31:81044;32:84003;33:91697;34:105149;35:124035;36:143859;37:158532;38:161265;39:153112;40:132965;41:106727;42:76865;43:51038;44:30637;45:17030;46:8865;47:4335;48:2032;49:812;50:327;51:132;52:52;53:18;54:7;55:3;56:4,always_on,10,none,200,2026-07-28
P,12,2.0,-3.0,0.0,5,2,0.800192773342,4.833333333333,29,116,24,1007,2000000,10000,1990000,96.552,20714.3,2,6,2,4,0,1,0,0,0,0,0,0,0.0,0.0,0.0,0.0,0.0,,,,,446857.73,0.224552,34.74,37,13,54,8.685,,,,,,13:6;14:16;15:45;16:139;17:301;18:641;19:1344;20:2377;21:4340;22:8029;23:14040;24:23533;25:36425;26:51839;27:66794;28:78484;29:85388;30:89173;31:89984;32:93960;33:103649;34:117457;35:134700;36:150533;37:160016;38:157545;39:145507;40:122346;41:93998;42:65767;43:41525;44:24730;45:12970;46:6600;47:3199;48:1506;49:661;50:286;51:85;52:44;53:12;54:6,always_on,10,none,200,2026-07-28
P,12,2.0,-3.0,0.0,5,2,0.800192773342,4.833333333333,29,116,24,1003,2000000,10000,1990000,120.073,16656.6,2,6,2,4,0,1,0,0,0,0,0,0,0.0,0.0,0.0,0.0,0.0,,,,,428428.29,0.215291,34.783,37,14,54,8.696,,,,,,14:1;15:9;16:17;17:52;18:137;19:341;20:1024;21:2474;22:5561;23:11112;24:20994;25:33987;26:50098;27:66467;28:80120;29:88159;30:92334;31:94256;32:97657;33:106086;34:119482;35:136357;36:152011;37:160920;38:158763;39:144997;40:121840;41:92831;42:64170;43:40114;44:23556;45:12828;46:6170;47:2962;48:1228;49:523;50:220;51:96;52:28;53:8;54:10,always_on,10,none,200,2026-07-28
P,12,2.0,-3.0,0.0,5,2,0.800192773342,4.833333333333,29,116,24,1006,2000000,10000,1990000,104.095,19213.3,2,6,2,4,0,1,0,0,0,0,0,0,0.0,0.0,0.0,0.0,0.0,,,,,970189.06,0.487532,36.194,40,11,54,9.049,,,,,,11:4;12:34;13:106;14:499;15:1557;16:3902;17:7980;18:14250;19:22160;20:31412;21:37601;22:41142;23:40401;24:36237;25:30716;26:25931;27:23110;28:21832;29:21409;30:22126;31:24683;32:30005;33:40405;34:57011;35:78304;36:106140;37:135789;38:164201;39:185606;40:193327;41:180983;42:150584;43:110961;44:71781;45:40503;46:20588;47:9984;48:4275;49:1607;50:579;51:193;52:69;53:10;54:3,always_on,10,none,200,2026-07-28
P,12,2.0,-3.0,0.0,4,4,1.326793797314,3.0,18,72,24,1003,2000000,10000,1990000,148.348,13481.8,6,10,2,8,217,6,13,0,0,0,0,0,0.000109045226,6.532663e-06,0.0,0.0,0.0,1822414.61,,,,238809.52,0.120005,25.102,27,8,40,3.138,,,,,,8:13;9:33;10:171;11:618;12:1976;13:4065;14:7599;15:11663;16:17341;17:26125;18:40514;19:60045;20:83769;21:106350;22:124431;23:139858;24:161020;25:187405;26:215533;27:224960;28:205866;29:159736;30:105050;31:59098;32:28424;33:11626;34:4439;35:1568;36:502;37:148;38:44;39:6;40:4,always_on,10,none,200,2026-07-28
P,12,2.0,-3.0,0.0,5,2,0.800192773342,4.833333333333,29,116,24,1001,2000000,10000,1990000,131.756,15179.6,2,6,2,4,0,0,0,0,0,0,0,0,0.0,0.0,0.0,0.0,0.0,,,,,1018091.13,0.511604,36.483,40,10,54,9.121,,,,,,10:2;11:7;12:30;13:162;14:645;15:1801;16:4591;17:9884;18:17599;19:26710;20:38061;21:45679;22:49414;23:46695;24:39609;25:29556;26:20700;27:13654;28:9007;29:6757;30:6782;31:9528;32:16223;33:26851;34:43699;35:67649;36:98342;37:130755;38:164852;39:191434;40:206701;41:199052;42:168253;43:126992;44:82720;45:46682;46:23575;47:11166;48:4964;49:2045;50:760;51:292;52:96;53:21;54:3,always_on,10,none,200,2026-07-28
P,12,2.0,-3.0,0.0,7,4,0.744121029973,4.5,27,108,24,1001,2000000,10000,1990000,82.625,24205.7,6,10,2,8,3,1,0,0,0,0,0,0,1.507538e-06,0.0,0.0,0.0,0.0,,,,,707719.85,0.355638,31.178,34,10,48,3.897,,,,,,10:3;11:45;12:188;13:581;14:1789;15:3829;16:7382;17:12037;18:16785;19:21042;20:24835;21:28111;22:32552;23:38981;24:48225;25:57820;26:66690;27:74324;28:81845;29:95680;30:114656;31:141427;32:170349;33:191460;34:197024;35:182813;36:148587;37:104527;38:64434;39:34947;40:16191;41:6652;42:2740;43:965;44:325;45:117;46:26;47:14;48:2,always_on,10,none,200,2026-07-28
P,12,2.0,-3.0,0.0,5,2,0.800192773342,4.833333333333,29,116,24,1004,2000000,10000,1990000,131.044,15262.0,2,6,2,4,0,1,0,0,0,0,0,0,0.0,0.0,0.0,0.0,0.0,,,,,254268.63,0.127773,34.797,38,12,53,8.699,,,,,,12:3;13:3;14:23;15:77;16:174;17:408;18:673;19:1244;20:2280;21:4089;22:7608;23:13608;24:23010;25:36183;26:51077;27:66337;28:78808;29:86332;30:88986;31:90614;32:93579;33:101586;34:115280;35:132318;36:148526;37:157730;38:158944;39:146050;40:123198;41:95626;42:68289;43:44074;44:25946;45:14215;46:7228;47:3311;48:1517;49:637;50:261;51:100;52:31;53:17,always_on,10,none,200,2026-07-28
P,12,2.0,-3.0,0.0,9,3,1.065834954381,4.0,24,96,24,1001,2000000,10000,1990000,87.396,22884.2,4,8,2,6,2,1,1,0,0,0,0,0,1.005025e-06,5.02513e-07,0.0,0.0,0.0,,,,,239210.94,0.120207,28.094,30,6,47,4.682,,,,,,6:1;8:1;9:5;10:36;11:151;12:472;13:1220;14:2723;15:4942;16:8435;17:12797;18:19027;19:27705;20:39455;21:53541;22:69711;23:84932;24:98055;25:109455;26:122925;27:140762;28:162894;29:183352;30:195658;31:189150;32:163863;33:124166;34:80921;35:47653;36:25240;37:11965;38:5396;39:2155;40:771;41:313;42:99;43:37;44:9;45:3;46:2;47:2,always_on,10,none,200,2026-07-28
P,12,2.0,-3.0,0.0,9,3,1.065834954381,4.0,24,96,24,1003,2000000,10000,1990000,83.844,23853.8,4,8,2,6,0,2,0,0,0,0,0,0,0.0,0.0,0.0,0.0,0.0,,,,,170271.55,0.085564,28.081,30,9,45,4.68,,,,,,9:2;10:32;11:136;12:393;13:1051;14:2306;15:4157;16:7371;17:11384;18:17515;19:26110;20:38334;21:53232;22:70849;23:86747;24:101330;25:113899;26:127116;27:144122;28:165084;29:184733;30:193994;31:187230;32:160315;33:120652;34:80018;35:47022;36:24791;37:11807;38:5126;39:2061;40:678;41:280;42:85;43:31;44:6;45:1,always_on,10,none,200,2026-07-28
P,12,2.0,-3.0,0.0,9,3,1.065834954381,4.0,24,96,24,1002,2000000,10000,1990000,92.64,21588.8,4,8,2,6,1,3,0,0,0,0,0,0,5.02513e-07,0.0,0.0,0.0,0.0,,,,,264079.11,0.132703,28.147,30,8,45,4.691,,,,,,8:1;9:18;10:81;11:269;12:1012;13:2539;14:5226;15:9315;16:15251;17:21296;18:27689;19:33911;20:41385;21:50096;22:59705;23:70837;24:81217;25:93241;26:109103;27:129881;28:157182;29:183033;30:200065;31:196490;32:174297;33:133375;34:89941;35:51509;36:27974;37:13714;38:6246;39:2544;40:984;41:374;42:116;43:47;44:16;45:20,always_on,10,none,200,2026-07-28
P,12,2.0,-3.0,0.0,5,2,0.800192773342,4.833333333333,29,116,24,1000,2000000,10000,1990000,158.996,12578.9,2,6,2,4,0,1,0,0,0,0,0,0,0.0,0.0,0.0,0.0,0.0,,,,,574605.57,0.288747,34.909,38,12,55,8.727,,,,,,12:3;13:7;14:40;15:90;16:214;17:514;18:922;19:1674;20:3028;21:5077;22:8876;23:14864;24:24394;25:36616;26:51428;27:65354;28:76540;29:83655;30:86219;31:87089;32:89480;33:96383;34:109325;35:126643;36:143255;37:155696;38:158367;39:149700;40:130257;41:102455;42:73443;43:48135;44:29023;45:15867;46:8224;47:3902;48:1859;49:841;50:325;51:153;52:48;53:6;54:8;55:1,always_on,10,none,200,2026-07-28
P,12,2.0,-3.0,0.0,7,4,0.744121029973,4.5,27,108,24,1005,2000000,10000,1990000,107.244,18649.1,6,10,2,8,3,6,0,0,0,0,0,0,1.507538e-06,0.0,0.0,0.0,0.0,,,,,237704.61,0.11945,30.922,33,10,48,3.865,,,,,,10:3;11:11;12:78;13:252;14:657;15:1494;16:2830;17:4715;18:7072;19:10009;20:13718;21:20276;22:30117;23:44104;24:61167;25:78612;26:93602;27:103467;28:110047;29:119182;30:131778;31:150312;32:170722;33:181525;34:179318;35:159418;36:125744;37:86687;38:52749;39:27999;40:13258;41:5630;42:2255;43:774;44:316;45:71;46:21;47:8;48:2,always_on,10,none,200,2026-07-28
P,12,2.0,-3.0,0.0,9,3,1.065834954381,4.0,24,96,24,1000,2000000,10000,1990000,113.448,17629.3,4,8,2,6,1,3,0,0,0,0,0,0,5.02513e-07,0.0,0.0,0.0,0.0,,,,,171097.12,0.085978,28.049,30,8,44,4.675,,,,,,8:1;9:10;10:46;11:148;12:549;13:1456;14:3166;15:5725;16:9355;17:14094;18:20459;19:28431;20:39908;21:53669;22:68805;23:83624;24:97164;25:109731;26:124143;27:142252;28:164749;29:183036;30:193881;31:187596;32:161038;33:122359;34:81372;35:47065;36:25280;37:11999;38:5371;39:2259;40:838;41:289;42:98;43:30;44:4,always_on,10,none,200,2026-07-28
P,12,2.0,-3.0,0.0,9,3,1.065834954381,4.0,24,96,24,1007,2000000,10000,1990000,83.464,23962.3,4,8,2,6,1,1,0,0,0,0,0,0,5.02513e-07,0.0,0.0,0.0,0.0,,,,,167398.68,0.08412,28.116,30,8,45,4.686,,,,,,8:1;9:3;10:27;11:119;12:371;13:976;14:2011;15:3857;16:6672;17:10479;18:16353;19:25062;20:37614;21:53272;22:70389;23:87216;24:101258;25:114563;26:128794;27:145471;28:166799;29:184334;30:192407;31:186240;32:159802;33:120767;34:81141;35:47256;36:24961;37:12215;38:5397;39:2446;40:1017;41:476;42:143;43:72;44:18;45:1,always_on,10,none,200,2026-07-28
P,12,2.0,-3.0,0.0,7,4,0.744121029973,4.5,27,108,24,1003,2000000,10000,1990000,123.079,16249.7,6,10,2,8,5,2,1,0,0,0,0,0,2.512563e-06,5.02513e-07,0.0,0.0,0.0,,,,,288560.82,0.145005,31.076,34,7,49,3.884,,,,,,7:1;8:1;10:3;11:34;12:123;13:454;14:1302;15:3129;16:5885;17:9785;18:13855;19:18485;20:22341;21:26974;22:33745;23:42411;24:53255;25:64364;26:74057;27:82004;28:89586;29:100435;30:118369;31:142948;32:170322;33:189116;34:192083;35:175551;36:141190;37:98546;38:60265;39:32867;40:15659;41:6658;42:2629;43:1000;44:340;45:125;46:48;47:27;48:19;49:9,always_on,10,none,200,2026-07-28
P,12,2.0,-3.0,0.0,10,2,0.619815118611,4.0,24,96,24,1000,2000000,10000,1990000,91.841,21776.7,2,6,2,4,0,1,0,0,0,0,0,0,0.0,0.0,0.0,0.0,0.0,,,,,1169.89,0.000588,33.596,40,11,57,8.399,,,,,,11:12;12:27;13:116;14:436;15:1178;16:3014;17:6592;18:12228;19:19806;20:29914;21:38382;22:46246;23:52170;24:56059;25:60000;26:66512;27:74189;28:82331;29:88163;30:88598;31:83089;32:72792;33:63683;34:59446;35:62532;36:72986;37:88540;38:104334;39:117628;40:127093;41:121380;42:101376;43:75674;44:51321;45:30832;46:17004;47:8332;48:3747;49:1460;50:545;51:151;52:55;53:16;54:7;55:1;57:3,always_on,10,none,200,2026-07-28
P,12,2.0,-3.0,0.0,9,3,1.065834954381,4.0,24,96,24,1004,2000000,10000,1990000,109.274,18302.6,4,8,2,6,0,2,0,0,0,0,0,0,0.0,0.0,0.0,0.0,0.0,,,,,174714.25,0.087796,28.089,30,9,46,4.681,,,,,,9:3;10:44;11:200;12:602;13:1618;14:3502;15:6256;16:10111;17:14837;18:21014;19:28604;20:39179;21:52027;22:66821;23:81870;24:95529;25:107484;26:121370;27:140132;28:163784;29:183454;30:196067;31:188627;32:163031;33:124893;34:83118;35:48373;36:25640;37:12310;38:5706;39:2391;40:826;41:394;42:114;43:48;44:10;45:6;46:5,always_on,10,none,200,2026-07-28
P,12,2.0,-3.0,0.0,7,4,0.744121029973,4.5,27,108,24,1007,2000000,10000,1990000,134.221,14900.8,6,10,2,8,0,2,0,0,0,0,0,0,0.0,0.0,0.0,0.0,0.0,,,,,168836.83,0.084843,30.955,33,11,48,3.869,,,,,,11:6;12:31;13:110;14:355;15:703;16:1456;17:2483;18:4096;19:6163;20:9735;21:16677;22:27250;23:43412;24:62665;25:82073;26:98219;27:109193;28:117083;29:124502;30:137172;31:154407;32:173330;33:182591;34:177052;35:155203;36:121672;37:82736;38:50777;39:26988;40:12865;41:5545;42:2165;43:866;44:241;45:118;46:31;47:21;48:8,always_on,10,none,200,2026-07-28
P,12,2.0,-3.0,0.0,7,4,0.744121029973,4.5,27,108,24,1006,2000000,10000,1990000,136.104,14694.7,6,10,2,8,4,3,0,0,0,0,0,0,2.01005e-06,0.0,0.0,0.0,0.0,,,,,276872.41,0.139132,31.06,34,9,48,3.883,,,,,,9:1;10:3;11:18;12:107;13:340;14:1108;15:2508;16:5125;17:8143;18:12012;19:16212;20:20081;21:25041;22:32179;23:42625;24:55195;25:67966;26:78795;27:86776;28:94362;29:104833;30:122006;31:144224;32:171015;33:187793;34:189583;35:171920;36:137150;37:96195;38:59811;39:31727;40:14838;41:6200;42:2638;43:943;44:348;45:135;46:26;47:15;48:3,always_on,10,none,200,2026-07-28
P,12,2.0,-3.0,0.0,7,4,0.744121029973,4.5,27,108,24,1000,2000000,10000,1990000,150.365,13300.9,6,10,2,8,6,4,0,0,0,0,0,0,3.015075e-06,0.0,0.0,0.0,0.0,,,,,283187.25,0.142305,31.012,34,9,48,3.877,,,,,,9:1;10:5;11:20;12:91;13:377;14:989;15:2454;16:4744;17:7831;18:11647;19:15665;20:19930;21:25432;22:32829;23:42635;24:55414;25:67937;26:79389;27:87721;28:95654;29:106697;30:125519;31:149377;32:173810;33:188787;34:189328;35:168810;36:133622;37:92357;38:56081;39:30247;40:14321;41:6434;42:2493;43:903;44:276;45:120;46:35;47:10;48:8,always_on,10,none,200,2026-07-28
P,12,2.0,-3.0,0.0,7,4,0.744121029973,4.5,27,108,24,1002,2000000,10000,1990000,150.03,13330.7,6,10,2,8,1,1,0,0,0,0,0,0,5.02513e-07,0.0,0.0,0.0,0.0,,,,,237685.64,0.11944,30.952,33,10,47,3.869,,,,,,10:1;11:11;12:43;13:160;14:523;15:1188;16:2320;17:3814;18:6119;19:8654;20:12492;21:19281;22:29242;23:43906;24:61325;25:78446;26:93482;27:103341;28:110981;29:120401;30:134545;31:153790;32:174203;33:184044;34:178157;35:158029;36:124402;37:85476;38:51717;39:27564;40:13115;41:5857;42:2197;43:794;44:248;45:100;46:20;47:12,always_on,10,none,200,2026-07-28
P,12,2.0,-3.0,0.0,7,4,0.744121029973,4.5,27,108,24,1004,2000000,10000,1990000,165.535,12082.1,6,10,2,8,3,1,0,0,0,0,0,0,1.507538e-06,0.0,0.0,0.0,0.0,,,,,275645.78,0.138515,30.948,34,10,48,3.869,,,,,,10:3;11:34;12:143;13:573;14:1592;15:3654;16:7014;17:11481;18:16254;19:21109;20:25561;21:29577;22:35224;23:42421;24:52142;25:63387;26:73666;27:81554;28:90419;29:101561;30:119732;31:143322;32:169004;33:186920;34:188803;35:172143;36:138333;37:96564;38:59392;39:32495;40:15392;41:6671;42:2409;43:1009;44:305;45:86;46:34;47:11;48:6,always_on,10,none,200,2026-07-28
P,12,2.0,-3.0,0.0,10,2,0.619815118611,4.0,24,96,24,1002,2000000,10000,1990000,105.525,18952.9,2,6,2,4,0,0,0,0,0,0,0,0,0.0,0.0,0.0,0.0,0.0,,,,,273214.17,0.137294,35.158,38,11,53,8.789,,,,,,11:1;12:3;13:27;14:85;15:295;16:717;17:1420;18:2743;19:4519;20:7247;21:11014;22:16047;23:22326;24:29832;25:37638;26:45724;27:53117;28:59617;29:64755;30:68826;31:73657;32:81139;33:91218;34:106860;35:125360;36:142581;37:156123;38:162066;39:155366;40:139012;41:113590;42:84585;43:57506;44:36072;45:20231;46:10329;47:4710;48:2229;49:903;50:377;51:98;52:33;53:2,always_on,10,none,200,2026-07-28
P,12,2.0,-3.0,0.0,10,2,0.619815118611,4.0,24,96,24,1005,2000000,10000,1990000,100.162,19967.7,2,6,2,4,0,1,0,0,0,0,0,0,0.0,0.0,0.0,0.0,0.0,,,,,820211.44,0.412167,35.839,39,11,54,8.96,,,,,,11:2;12:13;13:52;14:217;15:716;16:1950;17:3978;18:7791;19:12074;20:18026;21:23450;22:28301;23:31529;24:34105;25:35616;26:37272;27:38492;28:39415;29:41501;30:43823;31:47699;32:53980;33:63258;34:79212;35:97771;36:121430;37:143080;38:161442;39:168536;40:166311;41:149653;42:122320;43:88777;44:58736;45:34651;46:19127;47:8865;48:4047;49:1812;50:639;51:244;52:53;53:31;54:3,always_on,10,none,200,2026-07-28
P,12,2.0,-3.0,0.0,9,3,1.065834954381,4.0,24,96,24,1005,2000000,10000,1990000,144.273,13862.6,4,8,2,6,0,7,0,0,0,0,0,0,0.0,0.0,0.0,0.0,0.0,,,,,160277.86,0.080542,28.058,30,9,47,4.676,,,,,1:2,9:3;10:28;11:118;12:366;13:927;14:2042;15:3793;16:6346;17:10412;18:16679;19:25495;20:37795;21:54394;22:72168;23:90039;24:104520;25:117021;26:129805;27:146651;28:165579;29:182750;30:190353;31:183619;32:158214;33:120418;34:78984;35:45988;36:24691;37:11995;38:5370;39:2168;40:878;41:269;42:78;43:32;44:5;45:5;46:1;47:1,always_on,10,none,200,2026-07-28
P,12,2.0,-3.0,0.0,10,2,0.619815118611,4.0,24,96,24,1006,2000000,10000,1990000,102.179,19573.4,2,6,2,4,0,3,0,0,0,0,0,0,0.0,0.0,0.0,0.0,0.0,,,,,774478.89,0.389185,35.715,39,11,54,8.929,,,,,,11:3;12:9;13:62;14:251;15:808;16:1873;17:4117;18:7438;19:11998;20:17247;21:22220;22:26384;23:29118;24:31443;25:33607;26:36493;27:39951;28:43061;29:46985;30:50745;31:54572;32:60536;33:69559;34:82854;35:101759;36:122548;37:142223;38:157832;39:164398;40:162297;41:145408;42:117653;43:84516;44:55182;45:32350;46:17628;47:8460;48:3901;49:1552;50:642;51:211;52:80;53:16;54:10,always_on,10,none,200,2026-07-28
P,12,2.0,-3.0,0.0,10,2,0.619815118611,4.0,24,96,24,1003,2000000,10000,1990000,107.478,18608.5,2,6,2,4,0,1,0,0,0,0,0,0,0.0,0.0,0.0,0.0,0.0,,,,,125553.8,0.063092,34.736,37,12,54,8.684,,,,,,12:1;13:5;14:22;15:50;16:119;17:277;18:548;19:1238;20:2918;21:5736;22:10526;23:17222;24:26404;25:37394;26:49609;27:60999;28:71563;29:80318;30:86044;31:90807;32:97603;33:106848;34:120320;35:137907;36:151745;37:159676;38:157662;39:142993;40:122072;41:93177;42:65570;43:42102;44:24764;45:13609;46:6703;47:3298;48:1324;49:570;50:200;51:41;52:13;53:1;54:2,always_on,10,none,200,2026-07-28
P,12,2.0,-3.0,0.0,9,3,1.065834954381,4.0,24,96,24,1006,2000000,10000,1990000,143.835,13904.8,4,8,2,6,1,3,0,0,0,0,0,0,5.02513e-07,0.0,0.0,0.0,0.0,,,,,243172.68,0.122197,28.109,30,8,45,4.685,,,,,,8:1;9:6;10:47;11:149;12:463;13:1255;14:2946;15:5359;16:9105;17:13545;18:19838;19:28083;20:39331;21:52124;22:68066;23:83013;24:95848;25:108351;26:122366;27:141293;28:163654;29:184934;30:195193;31:189987;32:163064;33:123762;34:82539;35:48337;36:26062;37:12129;38:5432;39:2218;40:871;41:374;42:187;43:50;44:17;45:1,always_on,10,none,200,2026-07-28
P,12,2.0,-3.0,0.0,10,2,0.619815118611,4.0,24,96,24,1007,2000000,10000,1990000,100.726,19855.9,2,6,2,4,0,0,0,0,0,0,0,0,0.0,0.0,0.0,0.0,0.0,,,,,918164.64,0.461389,36.076,40,11,54,9.019,,,,,,11:2;12:19;13:94;14:358;15:1055;16:2660;17:5794;18:10801;19:16981;20:24178;21:30829;22:34641;23:36350;24:36151;25:34493;26:32919;27:31551;28:31227;29:31555;30:32798;31:35232;32:40391;33:49999;34:65471;35:86674;36:110982;37:135942;38:159990;39:173962;40:178790;41:166237;42:138664;43:102340;44:67800;45:41420;46:22295;47:11043;48:5015;49:2133;50:808;51:253;52:93;53:8;54:2,always_on,10,none,200,2026-07-28
P,12,2.0,-3.0,0.0,10,2,0.619815118611,4.0,24,96,24,1004,2000000,10000,1990000,126.671,15788.9,2,6,2,4,0,0,0,0,0,0,0,0,0.0,0.0,0.0,0.0,0.0,,,,,656370.41,0.329834,35.353,38,11,55,8.838,,,,,,11:2;12:6;13:30;14:85;15:285;16:752;17:1609;18:3116;19:5228;20:8035;21:11526;22:15776;23:21323;24:27886;25:34782;26:42818;27:50725;28:57703;29:63480;30:68717;31:73255;32:78579;33:87746;34:102352;35:118814;36:137993;37:153796;38:160993;39:157313;40:143138;41:119037;42:92606;43:64085;44:40200;45:23335;46:12357;47:5997;48:2589;49:1161;50:527;51:162;52:67;53:5;54:6;55:3,always_on,10,none,200,2026-07-28
P,12,2.0,-3.0,0.0,11,3,0.661262001842,5.166666666667,31,124,24,1007,2000000,10000,1990000,98.755,20252.1,4,8,2,6,0,1,0,0,0,0,0,0,0.0,0.0,0.0,0.0,0.0,,,,,1061275.06,0.533304,41.139,44,17,62,6.856,,,,,,17:2;18:16;19:37;20:74;21:156;22:375;23:755;24:1760;25:3315;26:6272;27:10718;28:17082;29:25011;30:35154;31:44537;32:53987;33:61345;34:66552;35:70117;36:71392;37:73021;38:76507;39:83598;40:95288;41:110601;42:128137;43:142163;44:151294;45:150932;46:139635;47:119075;48:92217;49:65577;50:42974;51:25257;52:13240;53:6736;54:3002;55:1311;56:463;57:203;58:85;59:18;60:6;62:3,always_on,10,none,200,2026-07-28
P,12,2.0,-3.0,0.0,11,3,0.661262001842,5.166666666667,31,124,24,1000,2000000,10000,1990000,130.481,15328.0,4,8,2,6,0,1,0,0,0,0,0,0,0.0,0.0,0.0,0.0,0.0,,,,,1038344.42,0.521781,43.498,48,14,61,7.25,,,,,,14:10;15:16;16:82;17:319;18:937;19:2287;20:5184;21:9846;22:16803;23:24759;24:33577;25:39782;26:43571;27:42928;28:38933;29:32083;30:24667;31:17533;32:11661;33:7529;34:5044;35:3690;36:3425;37:5010;38:8040;39:13811;40:22736;41:35935;42:54939;43:78874;44:107957;45:137879;46:166179;47:187635;48:195256;49:185798;50:158681;51:119645;52:76427;53:40754;54:18140;55:7368;56:2815;57:1017;58:294;59:117;60:18;61:9,always_on,10,none,200,2026-07-28
P,12,2.0,-3.0,0.0,13,2,0.492881886661,4.5,27,108,24,1002,2000000,10000,1990000,87.222,22930.0,2,6,2,4,0,0,0,0,0,0,0,0,0.0,0.0,0.0,0.0,0.0,,,,,698681.73,0.351096,37.381,41,13,57,9.345,,,,,,13:2;14:8;15:53;16:129;17:305;18:747;19:1509;20:2951;21:5256;22:8699;23:13397;24:19724;25:27429;26:36577;27:45818;28:54506;29:60875;30:63940;31:62814;32:58800;33:55057;34:55116;35:62571;36:79859;37:101868;38:127659;39:150594;40:165491;41:168870;42:158507;43:135589;44:103917;45:71587;46:44996;47:24121;48:11765;49:5354;50:2238;51:811;52:301;53:110;54:44;55:18;56:17;57:1,always_on,10,none,200,2026-07-28
P,12,2.0,-3.0,0.0,10,2,0.619815118611,4.0,24,96,24,1001,2000000,10000,1990000,157.382,12707.9,2,6,2,4,0,0,0,0,0,0,0,0,0.0,0.0,0.0,0.0,0.0,,,,,2357.07,0.001184,34.232,37,11,55,8.558,,,,,,11:1;12:9;13:33;14:81;15:233;16:483;17:920;18:1765;19:3279;20:5485;21:9095;22:14585;23:22566;24:32492;25:43911;26:57748;27:70880;28:82844;29:91182;30:96437;31:97946;32:99581;33:104322;34:112279;35:124820;36:137771;37:145008;38:144452;39:133503;40:113486;41:88772;42:63475;43:40580;44:24317;45:13279;46:6945;47:3097;48:1351;49:661;50:196;51:85;52:25;53:8;54:4;55:8,always_on,10,none,200,2026-07-28
P,12,2.0,-3.0,0.0,11,3,0.661262001842,5.166666666667,31,124,24,1004,2000000,10000,1990000,120.11,16651.5,4,8,2,6,0,1,0,0,0,0,0,0,0.0,0.0,0.0,0.0,0.0,,,,,1069675.52,0.537525,40.915,44,16,60,6.819,,,,,,16:1;17:1;18:7;19:23;20:82;21:185;22:442;23:928;24:1940;25:3611;26:6634;27:11381;28:17642;29:25822;30:35577;31:46582;32:55878;33:64114;34:70117;35:74090;36:75751;37:77407;38:79829;39:86405;40:97208;41:111398;42:127154;43:141676;44:148730;45:146931;46:134083;47:113346;48:87417;49:62378;50:39705;51:23231;52:12213;53:5962;54:2563;55:996;56:397;57:113;58:32;59:15;60:3,always_on,10,none,200,2026-07-28
P,12,2.0,-3.0,0.0,11,3,0.661262001842,5.166666666667,31,124,24,1001,2000000,10000,1990000,126.431,15818.9,4,8,2,6,0,0,0,0,0,0,0,0,0.0,0.0,0.0,0.0,0.0,,,,,1039501.78,0.522363,43.514,48,13,62,7.252,,,,,,13:2;14:4;15:14;16:69;17:284;18:841;19:2295;20:5032;21:9845;22:16797;23:25067;24:33160;25:39973;26:43786;27:43258;28:39017;29:32316;30:24639;31:17369;32:11511;33:7322;34:4852;35:3333;36:3528;37:4662;38:7860;39:13266;40:22150;41:36362;42:55058;43:78844;44:107411;45:138278;46:167206;47:186378;48:195031;49:184601;50:158970;51:119893;52:76152;53:42039;54:19318;55:7839;56:2875;57:981;58:345;59:115;60:32;61:8;62:12,always_on,10,none,200,2026-07-28
P,12,2.0,-3.0,0.0,11,3,0.661262001842,5.166666666667,31,124,24,1002,2000000,10000,1990000,127.535,15682.0,4,8,2,6,0,1,0,0,0,0,0,0,0.0,0.0,0.0,0.0,0.0,,,,,862.97,0.000434,36.398,35,13,62,6.066,,,,,,13:2;14:12;15:30;16:106;17:323;18:811;19:1760;20:3574;21:6599;22:10538;23:15819;24:21907;25:28200;26:34414;27:39965;28:46557;29:55694;30:69275;31:87836;32:110582;33:134514;34:150940;35:156741;36:145968;37:123330;38:95793;39:72560;40:58738;41:53158;42:54844;43:58632;44:61784;45:61691;46:58230;47:51234;48:40886;49:30612;50:20734;51:12724;52:6857;53:3388;54:1625;55:637;56:233;57:86;58:27;59:23;60:4;61:1;62:2,always_on,10,none,200,2026-07-28
P,12,2.0,-3.0,0.0,13,2,0.492881886661,4.5,27,108,24,1003,2000000,10000,1990000,95.931,20848.3,2,6,2,4,0,1,0,0,0,0,0,0,0.0,0.0,0.0,0.0,0.0,,,,,608644.85,0.305852,36.838,40,15,57,9.21,,,,,,15:3;16:9;17:27;18:76;19:240;20:644;21:1447;22:3121;23:6061;24:11461;25:18973;26:28562;27:40824;28:53026;29:63440;30:70588;31:74603;32:76710;33:79968;34:86046;35:98329;36:114896;37:135222;38:153731;39:164274;40:165022;41:151563;42:128575;43:99714;44:69983;45:43873;46:25116;47:13123;48:5869;49:2840;50:1298;51:485;52:162;53:59;54:24;55:12;57:1,always_on,10,none,200,2026-07-28
P,12,2.0,-3.0,0.0,11,3,0.661262001842,5.166666666667,31,124,24,1006,2000000,10000,1990000,116.949,17101.5,4,8,2,6,0,0,0,0,0,0,0,0,0.0,0.0,0.0,0.0,0.0,,,,,191936.35,0.09645,40.663,45,15,61,6.777,,,,,,15:5;16:16;17:35;18:104;19:237;20:473;21:939;22:1513;23:2430;24:3803;25:5576;26:8349;27:12310;28:17998;29:25690;30:36178;31:48115;32:59864;33:71497;34:79185;35:84175;36:84398;37:83744;38:81740;39:83471;40:90067;41:101274;42:114593;43:128206;44:136711;45:137180;46:128862;47:113159;48:88752;49:64753;50:42808;51:25767;52:13974;53:6825;54:3044;55:1375;56:481;57:224;58:59;59:28;60:11;61:2,always_on,10,none,200,2026-07-28
